-- MySQL dump 10.13  Distrib 5.7.29, for Linux (x86_64)
--
-- Host: localhost    Database: subwaw
-- ------------------------------------------------------
-- Server version	5.7.29-0ubuntu0.18.04.1

/*!40101 SET @OLD_CHARACTER_SET_CLIENT=@@CHARACTER_SET_CLIENT */;
/*!40101 SET @OLD_CHARACTER_SET_RESULTS=@@CHARACTER_SET_RESULTS */;
/*!40101 SET @OLD_COLLATION_CONNECTION=@@COLLATION_CONNECTION */;
/*!40101 SET NAMES utf8 */;
/*!40103 SET @OLD_TIME_ZONE=@@TIME_ZONE */;
/*!40103 SET TIME_ZONE='+00:00' */;
/*!40014 SET @OLD_UNIQUE_CHECKS=@@UNIQUE_CHECKS, UNIQUE_CHECKS=0 */;
/*!40014 SET @OLD_FOREIGN_KEY_CHECKS=@@FOREIGN_KEY_CHECKS, FOREIGN_KEY_CHECKS=0 */;
/*!40101 SET @OLD_SQL_MODE=@@SQL_MODE, SQL_MODE='NO_AUTO_VALUE_ON_ZERO' */;
/*!40111 SET @OLD_SQL_NOTES=@@SQL_NOTES, SQL_NOTES=0 */;

--
-- Table structure for table `Grade`
--

DROP TABLE IF EXISTS `Grade`;
/*!40101 SET @saved_cs_client     = @@character_set_client */;
/*!40101 SET character_set_client = utf8 */;
CREATE TABLE `Grade` (
  `ID` int(11) NOT NULL AUTO_INCREMENT,
  `name` varchar(255) NOT NULL,
  `level` int(11) NOT NULL,
  PRIMARY KEY (`ID`)
) ENGINE=InnoDB AUTO_INCREMENT=5 DEFAULT CHARSET=utf8;
/*!40101 SET character_set_client = @saved_cs_client */;

--
-- Dumping data for table `Grade`
--

LOCK TABLES `Grade` WRITE;
/*!40000 ALTER TABLE `Grade` DISABLE KEYS */;
INSERT INTO `Grade` VALUES (1,'admin',0),(2,'MBB',1),(3,'confirmed',2),(4,'user',3);
/*!40000 ALTER TABLE `Grade` ENABLE KEYS */;
UNLOCK TABLES;

--
-- Table structure for table `Label`
--

DROP TABLE IF EXISTS `Label`;
/*!40101 SET @saved_cs_client     = @@character_set_client */;
/*!40101 SET character_set_client = utf8 */;
CREATE TABLE `Label` (
  `ID` int(11) NOT NULL AUTO_INCREMENT,
  `name` varchar(255) NOT NULL,
  `color` varchar(255) NOT NULL,
  `gradeId` int(11) NOT NULL,
  PRIMARY KEY (`ID`)
) ENGINE=InnoDB AUTO_INCREMENT=5 DEFAULT CHARSET=utf8;
/*!40101 SET character_set_client = @saved_cs_client */;

--
-- Dumping data for table `Label`
--

LOCK TABLES `Label` WRITE;
/*!40000 ALTER TABLE `Label` DISABLE KEYS */;
INSERT INTO `Label` VALUES (1,'MBB','1ABC9C',1),(2,'intern','e74c3c',1),(3,'stable','9B59B6',4),(4,'finish','9B59B6',4);
/*!40000 ALTER TABLE `Label` ENABLE KEYS */;
UNLOCK TABLES;

--
-- Table structure for table `Tool`
--

DROP TABLE IF EXISTS `Tool`;
/*!40101 SET @saved_cs_client     = @@character_set_client */;
/*!40101 SET character_set_client = utf8 */;
CREATE TABLE `Tool` (
  `ID` int(11) NOT NULL AUTO_INCREMENT,
  `TID` varchar(255) NOT NULL,
  `name` varchar(255) NOT NULL,
  `description` text NOT NULL,
  `version` varchar(255) NOT NULL,
  `website` varchar(255) NOT NULL,
  `git` varchar(255) NOT NULL,
  `documentation` varchar(255) NOT NULL,
  `article` varchar(255) NOT NULL,
  `multiQC` varchar(255) NOT NULL,
  `install` text NOT NULL,
  `yaml` text NOT NULL,
  `author` varchar(255) NOT NULL,
  `creationDate` date NOT NULL,
  `updateDate` date NOT NULL,
  `tags` varchar(1000) NOT NULL,
  PRIMARY KEY (`ID`)
) ENGINE=InnoDB AUTO_INCREMENT=2 DEFAULT CHARSET=utf8;
/*!40101 SET character_set_client = @saved_cs_client */;

--
-- Dumping data for table `Tool`
--

LOCK TABLES `Tool` WRITE;
/*!40000 ALTER TABLE `Tool` DISABLE KEYS */;
INSERT INTO `Tool` VALUES (1,'bwa','BWA (Burrows-Wheeler Alignment Tool)','BWA is a software package for mapping low-divergent sequences against a large reference genome.','0.7.17','http://bio-bwa.sourceforge.net/','https://github.com/lh3/bwa','http://bio-bwa.sourceforge.net/bwa.shtml','10.1093/bioinformatics/btp324','custom','cd /opt/biotools \nwget https://github.com/samtools/samtools/releases/download/1.9/samtools-1.9.tar.bz2 \ntar -xvjf samtools-1.9.tar.bz2 \ncd samtools-1.9 \n./configure && make \ncd .. \nmv samtools-1.9/samtools bin/samtools \nrm -r samtools-1.9 samtools-1.9.tar.bz2 \ncd /opt/biotools \nwget https://github.com/lh3/bwa/releases/download/v0.7.17/bwa-0.7.17.tar.bz2 \ntar -xvjf bwa-0.7.17.tar.bz2 \ncd bwa-0.7.17 \nmake \nmv bwa ../bin/ \ncd .. \nrm -r bwa-0.7.17 bwa-0.7.17.tar.bz2','{\n  id: bwa,\n  name: BWA (Burrows-Wheeler Alignment Tool),\n  article: 10.1093/bioinformatics/btp324,\n  website: \"http://bio-bwa.sourceforge.net/\",\n  git: \"https://github.com/lh3/bwa\",\n  description: \"BWA is a software package for mapping low-divergent sequences against a large reference genome.\",\n  version: \"0.7.17\",\n  documentation: \"http://bio-bwa.sourceforge.net/bwa.shtml\",\n  multiqc: \"custom\",\n  commands:\n    [\n      {\n        name: bwa_index,\n        command: bwa index,\n        output_dir: bwa/index,\n        inputs: [{ name: bwa_index_genome_fasta , file: \"\"}],\n        outputs: [{ name: index, file: index, description: \"Index files for bwa alignment\" }],\n        options:\n          [\n            {\n              name: bwa_index_path,\n              type: input_dir,\n              value: \"\",\n              label: \"Path to an existing bwa index (or where to save a new one)\",\n            },\n            {\n              name: bwa_index_genome_fasta,\n              type: input_file,\n              accept: [\".fasta\",\".fa\",\".fasta.gz\",\".fa.gz\"],\n              value: \"\",\n              multiple: FALSE,\n              label: \"Path to reference genome fasta file\",\n            },\n            {\n              name: \"bwa_index_algorithm\",\n              type: \"radio\",\n              value: \"bwtsw\",\n              choices: [bwtsw: bwtsw, is: is],\n              label: \"Algorithm for constructing BWT index (see documentation for details)\",\n            }\n          ]\n      },\n      {\n        name: bwa_mem_PE,\n        command: bwa mem,\n        output_dir: bwa/mem/PE,\n        inputs: [{ name: reads }, { name: index, file: bwa/index/index }],\n        outputs: [{ name: bam, file: \"{sample}.bam\", description: \"Alignment files\" }],\n        options:\n          [\n            {\n              name: bwa_mem_threads,\n              prefix: -t,\n              type: numeric,\n              value: 4,\n              min: 1,\n              max: NA,\n              step: 1,\n              label: \"Number of threads to use\",\n            },\n            {\n              name: bwa_mem_quality0_multimapping,\n              prefix: ,\n              type: checkbox,\n              value: TRUE,\n              label: \"Put 0 as mapping quality for multimapping reads\",\n            }\n          ]\n      },\n      {\n        name: bwa_mem_SE,\n        command: bwa mem,\n        output_dir: bwa/mem/SE,\n        inputs: [{ name: reads }, { name: index, file: bwa/index/index }],\n        outputs: [{ name: bam, file: \"{sample}.bam\", description: \"Alignment files\" }],\n        options:\n          [\n            {\n              name: bwa_mem_threads,\n              prefix: -t,\n              type: numeric,\n              value: 4,\n              min: 1,\n              max: NA,\n              step: 1,\n              label: \"Number of threads to use\",\n            },\n            {\n              name: bwa_mem_quality0_multimapping,\n              prefix: ,\n              type: checkbox,\n              value: TRUE,\n              label: \"Put 0 as mapping quality for multimapping reads\",\n            }\n          ]\n      }\n    ],\n  install:  {\n    bwa: [\n      \"cd /opt/biotools\",\n      \"wget https://github.com/lh3/bwa/releases/download/v0.7.17/bwa-0.7.17.tar.bz2\",\n      \"tar -xvjf bwa-0.7.17.tar.bz2\",\n      \"cd bwa-0.7.17\",\n      \"make\",\n      \"mv bwa ../bin/\",\n      \"cd ..\",\n      \"rm -r bwa-0.7.17 bwa-0.7.17.tar.bz2\"\n    ],\n    samtools: [\n      \"cd /opt/biotools\",\n      \"wget https://github.com/samtools/samtools/releases/download/1.9/samtools-1.9.tar.bz2\",\n      \"tar -xvjf samtools-1.9.tar.bz2\",\n      \"cd samtools-1.9\",\n      \"./configure && make\",\n      \"cd ..\",\n      \"mv samtools-1.9/samtools bin/samtools\",\n      \"rm -r samtools-1.9 samtools-1.9.tar.bz2\"\n    ]\n  },\n}','mmassaviol','2019-09-27','2019-09-27','alignment mapping');
/*!40000 ALTER TABLE `Tool` ENABLE KEYS */;
UNLOCK TABLES;

--
-- Table structure for table `ToolLabel`
--

DROP TABLE IF EXISTS `ToolLabel`;
/*!40101 SET @saved_cs_client     = @@character_set_client */;
/*!40101 SET character_set_client = utf8 */;
CREATE TABLE `ToolLabel` (
  `ID` int(11) NOT NULL AUTO_INCREMENT,
  `toolId` int(11) NOT NULL,
  `labelId` int(11) NOT NULL,
  PRIMARY KEY (`ID`)
) ENGINE=InnoDB AUTO_INCREMENT=7 DEFAULT CHARSET=latin1;
/*!40101 SET character_set_client = @saved_cs_client */;

--
-- Dumping data for table `ToolLabel`
--

LOCK TABLES `ToolLabel` WRITE;
/*!40000 ALTER TABLE `ToolLabel` DISABLE KEYS */;
INSERT INTO `ToolLabel` VALUES (1,1,1),(2,1,3),(3,1,4),(4,3,3),(5,3,4),(6,4,4);
/*!40000 ALTER TABLE `ToolLabel` ENABLE KEYS */;
UNLOCK TABLES;

--
-- Table structure for table `User`
--

DROP TABLE IF EXISTS `User`;
/*!40101 SET @saved_cs_client     = @@character_set_client */;
/*!40101 SET character_set_client = utf8 */;
CREATE TABLE `User` (
  `ID` int(11) NOT NULL AUTO_INCREMENT,
  `login` varchar(255) NOT NULL,
  `gradeId` int(11) NOT NULL,
  PRIMARY KEY (`ID`)
) ENGINE=InnoDB AUTO_INCREMENT=4 DEFAULT CHARSET=latin1;
/*!40101 SET character_set_client = @saved_cs_client */;

--
-- Dumping data for table `User`
--

LOCK TABLES `User` WRITE;
/*!40000 ALTER TABLE `User` DISABLE KEYS */;
INSERT INTO `User` VALUES (1,'admin',1),(2,'jlopez',2),(3,'mmassaviol',2);
/*!40000 ALTER TABLE `User` ENABLE KEYS */;
UNLOCK TABLES;

--
-- Table structure for table `Workflow`
--

DROP TABLE IF EXISTS `Workflow`;
/*!40101 SET @saved_cs_client     = @@character_set_client */;
/*!40101 SET character_set_client = utf8 */;
CREATE TABLE `Workflow` (
  `ID` int(11) NOT NULL AUTO_INCREMENT,
  `name` varchar(255) NOT NULL,
  `docker_name` varchar(255) NOT NULL,
  `description` text NOT NULL,
  `version` varchar(255) NOT NULL,
  `author` varchar(255) NOT NULL,
  `creationDate` date NOT NULL,
  `updateDate` date NOT NULL,
  `tags` varchar(1000) NOT NULL,
  `graphicYAML` text NOT NULL,
  `yaml` text NOT NULL,
  `git` varchar(255) NOT NULL,
  PRIMARY KEY (`ID`)
) ENGINE=InnoDB AUTO_INCREMENT=4 DEFAULT CHARSET=utf8;
/*!40101 SET character_set_client = @saved_cs_client */;

--
-- Dumping data for table `Workflow`
--

LOCK TABLES `Workflow` WRITE;
/*!40000 ALTER TABLE `Workflow` DISABLE KEYS */;
INSERT INTO `Workflow` VALUES (1,'Long_Read_Assembly','longreadsassembly','Long Read Assembly','0.0.1','mmassaviol','2020-01-11','2020-01-11','long read','{ \"class\": \"GraphLinksModel\",\n  \"linkFromPortIdProperty\": \"fromPort\",\n  \"linkToPortIdProperty\": \"toPort\",\n  \"modelData\": {\"position\":\"-447.5877042938191 -574.6586522279763\"},\n  \"nodeDataArray\": [ \n{\"key\":1, \"name\":\"end\", \"category\":\"End\", \"loc\":\"880 -400\", \"text\":\"End\", \"figure\":\"Circle\", \"fill\":\"#e74c3c\", \"strokeWidth\":2, \"inservices\":[ {\"name\":\"i1\", \"type\":\"step\", \"value\":\"end\"} ]},\n{\"key\":2, \"name\":\"start\", \"category\":\"Start\", \"loc\":\"-290 -400\", \"text\":\"Start\", \"figure\":\"Circle\", \"fill\":\"#4cd137\", \"strokeWidth\":2, \"outservices\":[ {\"name\":\"o1\", \"type\":\"step\", \"value\":\"start\"} ]},\n{\"name\":\"step\", \"text\":\"Find overlaps\", \"size2\":\"125 55\", \"category\":\"Step\", \"strokeWidth\":2, \"inservices\":[ {\"name\":\"i1\", \"type\":\"step\", \"value\":\"stepIn\", \"description\":\"\"} ], \"outservices\":[ {\"name\":\"o1\", \"type\":\"step\", \"value\":\"stepOut\"} ], \"outservices2\":[ {\"name\":\"o2\", \"type\":\"link\", \"value\":\"linkOut\"} ], \"key\":\"8909149808\", \"loc\":\"-140 -400\"},\n{\"name\":\"step\", \"text\":\"Assembly\", \"size2\":\"125 55\", \"category\":\"Step\", \"strokeWidth\":2, \"inservices\":[ {\"name\":\"i1\", \"type\":\"step\", \"value\":\"stepIn\", \"description\":\"\"} ], \"outservices\":[ {\"name\":\"o1\", \"type\":\"step\", \"value\":\"stepOut\"} ], \"outservices2\":[ {\"name\":\"o2\", \"type\":\"link\", \"value\":\"linkOut\"} ], \"key\":\"89091498082\", \"loc\":\"40 -400\"},\n{\"name\":\"step\", \"text\":\"Mapping\", \"size2\":\"125 55\", \"category\":\"Step\", \"strokeWidth\":2, \"inservices\":[ {\"name\":\"i1\", \"type\":\"step\", \"value\":\"stepIn\", \"description\":\"\"} ], \"outservices\":[ {\"name\":\"o1\", \"type\":\"step\", \"value\":\"stepOut\"} ], \"outservices2\":[ {\"name\":\"o2\", \"type\":\"link\", \"value\":\"linkOut\"} ], \"key\":\"89091498083\", \"loc\":\"210 -400\"},\n{\"name\":\"step\", \"text\":\"Correction\", \"size2\":\"125 55\", \"category\":\"Step\", \"strokeWidth\":2, \"inservices\":[ {\"name\":\"i1\", \"type\":\"step\", \"value\":\"stepIn\", \"description\":\"\"} ], \"outservices\":[ {\"name\":\"o1\", \"type\":\"step\", \"value\":\"stepOut\"} ], \"outservices2\":[ {\"name\":\"o2\", \"type\":\"link\", \"value\":\"linkOut\"} ], \"key\":\"89091498084\", \"loc\":\"380 -400\"},\n{\"name\":\"step\", \"text\":\"Polishing\", \"size2\":\"125 55\", \"category\":\"Step\", \"strokeWidth\":2, \"inservices\":[ {\"name\":\"i1\", \"type\":\"step\", \"value\":\"stepIn\", \"description\":\"\"} ], \"outservices\":[ {\"name\":\"o1\", \"type\":\"step\", \"value\":\"stepOut\"} ], \"outservices2\":[ {\"name\":\"o2\", \"type\":\"link\", \"value\":\"linkOut\"} ], \"key\":\"89091498085\", \"loc\":\"550 -400\"},\n{\"name\":\"step\", \"text\":\"Assembly Quality\", \"size2\":\"125 55\", \"category\":\"Step\", \"strokeWidth\":2, \"inservices\":[ {\"name\":\"i1\", \"type\":\"step\", \"value\":\"stepIn\", \"description\":\"\"} ], \"outservices\":[ {\"name\":\"o1\", \"type\":\"step\", \"value\":\"stepOut\"} ], \"outservices2\":[ {\"name\":\"o2\", \"type\":\"link\", \"value\":\"linkOut\"} ], \"key\":\"89091498086\", \"loc\":\"720 -400\"},\n{\"name\":\"reads\", \"text\":\"reads\", \"category\":\"Data\", \"figure\":\"Rectangle\", \"fill\":\"#2ecc71\", \"strokeWidth\":2, \"outservices\":[ {\"name\":\"o1\", \"type\":\"reads\", \"value\":\"raw_reads\"} ], \"key\":-3, \"loc\":\"-280 -230\"},\n{\"name\":\"minimap2_overlap_self\", \"text\":\"Minimap2 overlap self\", \"category\":\"Tool\", \"size2\":\"185 75\", \"description\":\"A versatile pairwise aligner for genomic and spliced nucleotide sequences\", \"figure\":\"Rectangle\", \"fill\":\"#3498db\", \"strokeWidth\":2, \"inservices\":[ {\"name\":\"i1\", \"type\":\"reads\", \"value\":\"read\"} ], \"outservices\":[ {\"name\":\"o1\", \"type\":\"paf.gz\", \"value\":\"reads_overlaps\"} ], \"outservices2\":[ {\"name\":\"link\", \"type\":\"link\", \"value\":\"linkIn\"} ], \"key\":\"3429318577\", \"loc\":\"-130 70\"},\n{\"name\":\"miniasm\", \"text\":\"Miniasm\", \"category\":\"Tool\", \"size2\":\"125 55\", \"description\":\"Ultrafast de novo assembly for long noisy readss (though having no consensus step)\", \"figure\":\"Rectangle\", \"fill\":\"#3498db\", \"strokeWidth\":2, \"inservices\":[ {\"name\":\"i1\", \"type\":\"reads\", \"value\":\"read\"},{\"name\":\"i2\", \"type\":\"paf.gz\", \"value\":\"paf\"} ], \"outservices\":[ {\"name\":\"o1\", \"type\":\"gfa\", \"value\":\"assembly_gfa\"},{\"name\":\"o2\", \"type\":\"fasta\", \"value\":\"assembly_fasta\"} ], \"outservices2\":[ {\"name\":\"link\", \"type\":\"link\", \"value\":\"linkIn\"} ], \"key\":\"7689868696\", \"loc\":\"80 -30\"},\n{\"name\":\"minimap2_reference\", \"text\":\"Minimap2 reference\", \"category\":\"Tool\", \"size2\":\"185 75\", \"description\":\"A versatile pairwise aligner for genomic and spliced nucleotide sequences\", \"figure\":\"Rectangle\", \"fill\":\"#3498db\", \"strokeWidth\":2, \"inservices\":[ {\"name\":\"i1\", \"type\":\"reads\", \"value\":\"read\"},{\"name\":\"i2\", \"type\":\"fasta\", \"value\":\"minimap2_reference_fasta\"} ], \"outservices\":[ {\"name\":\"o1\", \"type\":\"paf.gz\", \"value\":\"reads_mapping\"} ], \"outservices2\":[ {\"name\":\"link\", \"type\":\"link\", \"value\":\"linkIn\"} ], \"key\":\"6714362996\", \"loc\":\"320 60\"},\n{\"name\":\"racon\", \"text\":\"Racon\", \"category\":\"Tool\", \"size2\":\"125 75\", \"description\":\"Ultrafast consensus module for raw de novo genome assembly of long uncorrected reads\", \"figure\":\"Rectangle\", \"fill\":\"#3498db\", \"strokeWidth\":2, \"inservices\":[ {\"name\":\"i1\", \"type\":\"reads\", \"value\":\"read\"},{\"name\":\"i2\", \"type\":\"fasta\", \"value\":\"assembly_fasta\"},{\"name\":\"i3\", \"type\":\"paf.gz\", \"value\":\"reads_overlaps\"} ], \"outservices\":[ {\"name\":\"o1\", \"type\":\"fasta\", \"value\":\"assembly_corrected\"} ], \"outservices2\":[ {\"name\":\"link\", \"type\":\"link\", \"value\":\"linkIn\"} ], \"key\":\"3842804220\", \"loc\":\"470 -160\"},\n{\"name\":\"medaka\", \"text\":\"medaka\", \"category\":\"Tool\", \"size2\":\"125 55\", \"description\":\"Medaka is a tool to create a consensus sequence of nanopore sequencing data.\", \"figure\":\"Rectangle\", \"fill\":\"#3498db\", \"strokeWidth\":2, \"inservices\":[ {\"name\":\"i1\", \"type\":\"reads\", \"value\":\"read\"},{\"name\":\"i2\", \"type\":\"fasta\", \"value\":\"assembly_fasta\"} ], \"outservices\":[ {\"name\":\"o1\", \"type\":\"fasta\", \"value\":\"consensus_assembly\"} ], \"outservices2\":[ {\"name\":\"link\", \"type\":\"link\", \"value\":\"linkIn\"} ], \"key\":\"7781734487\", \"loc\":\"680 -240\"},\n{\"name\":\"quast\", \"text\":\"quast\", \"category\":\"Tool\", \"size2\":\"125 55\", \"description\":\"Quality Assessment Tool for Genome Assemblies\", \"figure\":\"Rectangle\", \"fill\":\"#3498db\", \"strokeWidth\":2, \"inservices\":[ {\"name\":\"i1\", \"type\":\"fasta\", \"value\":\"consensus_assembly\"} ], \"outservices\":[ {\"name\":\"o1\", \"type\":\"tsv\", \"value\":\"report\"} ], \"outservices2\":[ {\"name\":\"link\", \"type\":\"link\", \"value\":\"linkIn\"} ], \"key\":\"8900384842\", \"loc\":\"870 -140\"},\n{\"name\":\"multiqc\", \"text\":\"Multiqc\", \"size2\":\"125 55\", \"category\":\"Repport\", \"description\":\"Multiqc\", \"figure\":\"Rectangle\", \"fill\":\"#e67e22\", \"strokeWidth\":2, \"inservices\":[ {\"name\":\"i1\", \"type\":\"*\", \"value\":\"data\", \"description\":\"\"} ], \"outservices\":[ {\"name\":\"o1\", \"type\":\"html\", \"value\":\"rapport\", \"description\":\"Rapport\"} ], \"key\":\"0876721459\", \"loc\":\"1070 -10\"}\n ],\n  \"linkDataArray\": [ \n{\"from\":2, \"to\":\"8909149808\", \"fromPort\":\"start\", \"toPort\":\"stepIn\", \"points\":[-255.60458347797393,-400.2,-245.60458347797393,-400.2,-231.42157986440998,-400.2,-231.42157986440998,-397.8895486413588,-217.23857625084602,-397.8895486413588,-207.23857625084602,-397.8895486413588]},\n{\"from\":\"8909149808\", \"to\":\"89091498082\", \"fromPort\":\"stepOut\", \"toPort\":\"stepIn\", \"points\":[-73.76142374915398,-397.8895486413588,-63.76142374915398,-397.8895486413588,-50.5,-397.8895486413588,-50.5,-397.8895486413588,-37.23857625084603,-397.8895486413588,-27.23857625084603,-397.8895486413588]},\n{\"from\":\"89091498082\", \"to\":\"89091498083\", \"fromPort\":\"stepOut\", \"toPort\":\"stepIn\", \"points\":[106.23857625084602,-397.8895486413588,116.23857625084602,-397.8895486413588,116.23857625084602,-397.8895486413588,116.23857625084602,-397.8895486413588,132.76142374915398,-397.8895486413588,142.76142374915398,-397.8895486413588]},\n{\"from\":\"89091498083\", \"to\":\"89091498084\", \"fromPort\":\"stepOut\", \"toPort\":\"stepIn\", \"points\":[276.23857625084605,-397.8895486413588,286.23857625084605,-397.8895486413588,286.23857625084605,-397.8895486413588,286.23857625084605,-397.8895486413588,302.76142374915395,-397.8895486413588,312.76142374915395,-397.8895486413588]},\n{\"from\":\"89091498084\", \"to\":\"89091498085\", \"fromPort\":\"stepOut\", \"toPort\":\"stepIn\", \"points\":[446.23857625084605,-397.8895486413588,456.23857625084605,-397.8895486413588,456.23857625084605,-397.8895486413588,456.23857625084605,-397.8895486413588,472.76142374915395,-397.8895486413588,482.76142374915395,-397.8895486413588]},\n{\"from\":\"89091498085\", \"to\":\"89091498086\", \"fromPort\":\"stepOut\", \"toPort\":\"stepIn\", \"points\":[616.238576250846,-397.8895486413588,626.238576250846,-397.8895486413588,626.238576250846,-397.8895486413588,626.238576250846,-397.8895486413588,642.761423749154,-397.8895486413588,652.761423749154,-397.8895486413588]},\n{\"from\":\"89091498086\", \"to\":1, \"fromPort\":\"stepOut\", \"toPort\":\"end\", \"points\":[786.238576250846,-397.8895486413588,796.238576250846,-397.8895486413588,796.238576250846,-397.8895486413588,796.238576250846,-400.2,830.604583477974,-400.2,840.604583477974,-400.2]},\n{\"from\":\"8909149808\", \"to\":\"3429318577\", \"fromPort\":\"linkOut\", \"toPort\":\"linkIn\", \"points\":[-139.5,-366.76142374915395,-139.5,-356.76142374915395,-139.5,-169.07842013559002,-131.08333349227905,-169.07842013559002,-131.08333349227905,18.604583477973932,-131.08333349227905,28.604583477973932]},\n{\"from\":-3, \"to\":\"3429318577\", \"fromPort\":\"raw_reads\", \"toPort\":\"read\", \"points\":[-221.94583320617676,-228.7,-211.94583320617676,-228.7,-211.94583320617676,-87.94770826101303,-246.52500009536743,-87.94770826101303,-246.52500009536743,75.19541652202605,-236.52500009536743,75.19541652202605]},\n{\"from\":\"3429318577\", \"to\":\"7689868696\", \"fromPort\":\"reads_overlaps\", \"toPort\":\"paf\", \"points\":[-23.47499990463257,75.19541652202605,-13.474999904632568,75.19541652202605,-10,75.19541652202605,-10,-11.013750433921818,-6.525000095367432,-11.013750433921818,3.4749999046325684,-11.013750433921818]},\n{\"from\":-3, \"to\":\"7689868696\", \"fromPort\":\"raw_reads\", \"toPort\":\"read\", \"points\":[-221.94583320617676,-228.7,-211.94583320617676,-228.7,-109.2354166507721,-228.7,-109.2354166507721,-34.59541652202607,-6.525000095367432,-34.59541652202607,3.4749999046325684,-34.59541652202607]},\n{\"from\":\"89091498082\", \"to\":\"7689868696\", \"fromPort\":\"linkOut\", \"toPort\":\"linkIn\", \"points\":[40.499999999999986,-366.76142374915395,40.499999999999986,-356.76142374915395,40.499999999999986,-214.07842013559002,78.91666650772095,-214.07842013559002,78.91666650772095,-71.39541652202607,78.91666650772095,-61.39541652202607]},\n{\"from\":\"7689868696\", \"to\":\"6714362996\", \"fromPort\":\"assembly_fasta\", \"toPort\":\"minimap2_reference_fasta\", \"points\":[156.52500009536743,-11.013750433921818,166.52500009536743,-11.013750433921818,185,-11.013750433921818,185,76.98624956607817,203.47499990463257,76.98624956607817,213.47499990463257,76.98624956607817]},\n{\"from\":-3, \"to\":\"6714362996\", \"fromPort\":\"raw_reads\", \"toPort\":\"read\", \"points\":[-221.94583320617676,-228.7,-211.94583320617676,-228.7,199.343025,-228.7,199.343025,53.40458347797393,203.47499990463257,53.40458347797393,213.47499990463257,53.40458347797393]},\n{\"from\":\"89091498083\", \"to\":\"6714362996\", \"fromPort\":\"linkOut\", \"toPort\":\"linkIn\", \"points\":[210.5,-366.76142374915395,210.5,-356.76142374915395,210.5,-206.63606249999998,318.91666650772095,-206.63606249999998,318.91666650772095,8.604583477973932,318.91666650772095,18.604583477973932]},\n{\"from\":\"89091498084\", \"to\":\"3842804220\", \"fromPort\":\"linkOut\", \"toPort\":\"linkIn\", \"points\":[380.5,-366.76142374915395,380.5,-356.76142374915395,380.5,-284.07842013559,468.91666650772095,-284.07842013559,468.91666650772095,-211.39541652202607,468.91666650772095,-201.39541652202607]},\n{\"from\":\"89091498085\", \"to\":\"7781734487\", \"fromPort\":\"linkOut\", \"toPort\":\"linkIn\", \"points\":[550.5,-366.76142374915395,550.5,-356.76142374915395,550.5,-319.07842013559,678.916666507721,-319.07842013559,678.916666507721,-281.39541652202604,678.916666507721,-271.39541652202604]},\n{\"from\":\"3842804220\", \"to\":\"7781734487\", \"fromPort\":\"assembly_corrected\", \"toPort\":\"assembly_fasta\", \"points\":[546.5250000953674,-154.80458347797395,556.5250000953674,-154.80458347797395,575,-154.80458347797395,575,-221.01375043392179,593.4749999046326,-221.01375043392179,603.4749999046326,-221.01375043392179]},\n{\"from\":-3, \"to\":\"3842804220\", \"fromPort\":\"raw_reads\", \"toPort\":\"read\", \"points\":[-221.94583320617676,-228.7,-211.94583320617676,-228.7,85.7645833492279,-228.7,85.7645833492279,-178.3862495660782,383.47499990463257,-178.3862495660782,393.47499990463257,-178.3862495660782]},\n{\"from\":-3, \"to\":\"7781734487\", \"fromPort\":\"raw_reads\", \"toPort\":\"read\", \"points\":[-221.94583320617676,-228.7,-211.94583320617676,-228.7,190.7645833492279,-228.7,190.7645833492279,-244.59541652202603,593.4749999046326,-244.59541652202603,603.4749999046326,-244.59541652202603]},\n{\"from\":\"6714362996\", \"to\":\"3842804220\", \"fromPort\":\"reads_mapping\", \"toPort\":\"reads_overlaps\", \"points\":[426.52500009536743,65.19541652202605,436.52500009536743,65.19541652202605,436.52500009536743,-50.00000000000001,383.47499990463257,-50.00000000000001,383.47499990463257,-131.22291738986968,393.47499990463257,-131.22291738986968]},\n{\"from\":\"7781734487\", \"to\":\"8900384842\", \"fromPort\":\"consensus_assembly\", \"toPort\":\"consensus_assembly\", \"points\":[756.5250000953674,-232.8045834779739,766.5250000953674,-232.8045834779739,775,-232.8045834779739,775,-132.8045834779739,783.4749999046326,-132.8045834779739,793.4749999046326,-132.8045834779739]},\n{\"from\":\"89091498086\", \"to\":\"8900384842\", \"fromPort\":\"linkOut\", \"toPort\":\"linkIn\", \"points\":[720.5,-366.76142374915395,720.5,-356.76142374915395,720.5,-356,868.916666507721,-356,868.916666507721,-181.39541652202604,868.916666507721,-171.39541652202604]},\n{\"from\":\"8900384842\", \"to\":\"0876721459\", \"fromPort\":\"report\", \"toPort\":\"data\", \"points\":[946.5250000953674,-132.8045834779739,956.5250000953674,-132.8045834779739,970,-132.8045834779739,970,-8.7,983.4749999046326,-8.7,993.4749999046326,-8.7]},\n{\"from\":\"7689868696\", \"to\":\"3842804220\", \"fromPort\":\"assembly_fasta\", \"toPort\":\"assembly_fasta\", \"points\":[156.52500009536743,-11.013750433921818,166.52500009536743,-11.013750433921818,275,-11.013750433921818,275,-154.80458347797395,383.47499990463257,-154.80458347797395,393.47499990463257,-154.80458347797395]}\n ]}','{\r\n  name: Long_Read_Assembly,\r\n  docker_name: longreadsassembly,\r\n  description: \"\",\r\n  version: \"0.0.1\",\r\n  author: \"MBB\",\r\n  input: raw_long_reads,\r\n  steps:\r\n    [\r\n      { title: Find overlaps, name: find_overlaps, tools: [minimap2_overlap_self], default: minimap2_overlap_self },\r\n      { title: Assembly, name: assembly, tools: [miniasm], default: miniasm },\r\n      { title: Mapping, name: mapping, tools: [minimap2_reference], default: minimap2_reference },\r\n      { title: Correction, name: correction, tools: [racon], default: racon },\r\n      { title: Polishing, name: polishing, tools: [medaka], default: medaka },\r\n      { title: Assembly Quality, name: assembly_quality, tools: [quast], default: quast },\r\n    ],\r\n  options:\r\n    [\r\n      {\r\n        name: \"results_dir\",\r\n        type: \"output_dir\",\r\n        value: \"/Results\",\r\n        label: \"Results directory: \",\r\n        volumes:  [Results: \"/Results\"]\r\n      },\r\n      {\r\n        name: \"pacbio_oxfordNanopore\",\r\n        type: \"radio\",\r\n        value: \"ont\",\r\n        choices: [Pacbio: pb, Oxford Nanopore: ont],\r\n        label: \"Sequencing used to produce reads\",\r\n      },\r\n    ],\r\n    steps_in: [\r\n      { step_name: find_overlaps, tool_name: minimap2_overlap_self, rule_name: minimap2_overlap_self, step_null: false,\r\n        params: [ \r\n          {input_name: reads, origin_command: raw_long_reads, origin_name: read }\r\n        ]\r\n      },\r\n      \r\n      { step_name: assembly, tool_name: miniasm, rule_name: miniasm, step_null: false,\r\n        params: [\r\n          { input_name: reads, origin_command: raw_long_reads, origin_name: read },\r\n          { input_name: paf, origin_command: minimap2_overlap_self, origin_name: reads_overlaps }\r\n        ]\r\n      },\r\n            \r\n      { step_name: mapping, tool_name: minimap2_reference, rule_name: minimap2_reference, step_null: false, \r\n        params: [\r\n          { input_name: reads, origin_command: raw_long_reads, origin_name: read },\r\n          { input_name: fasta, origin_command: miniasm, origin_name: assembly_fasta }\r\n        ]\r\n      },\r\n\r\n      { step_name: correction, tool_name: racon, rule_name: racon, step_null: false, \r\n          params: [\r\n              { input_name: reads, origin_command: raw_long_reads, origin_name: read },\r\n              { input_name: assembly, origin_command: miniasm, origin_name: assembly_fasta },\r\n              { input_name: overlaps, origin_command: minimap2_reference, origin_name: reads_mapping }\r\n          ]\r\n      },\r\n      { step_name: polishing, tool_name: medaka, rule_name: medaka, step_null: false, \r\n          params: [\r\n              { input_name: reads, origin_command: raw_long_reads, origin_name: read },\r\n              { input_name: assembly_fasta, origin_command: racon, origin_name: assembly_corrected },\r\n          ]\r\n      },\r\n      { step_name: assembly_quality, tool_name: quast, rule_name: quast, step_null: false, \r\n          params: [\r\n              { input_name: assembly, origin_command: medaka, origin_name: consensus_assembly },\r\n          ]\r\n      }\r\n    ],\r\n    params_equals: [\r\n      { param_A: pacbio_oxfordNanopore, param_B: minimap2_reference_pacbio_oxfordNanopore },\r\n      { param_A: pacbio_oxfordNanopore, param_B: minimap2_overlap_self_pacbio_oxfordNanopore },\r\n      { remove: minimap2_reference_fasta }\r\n    ]\r\n}','https://gitlab.mbb.univ-montp2.fr/khalid/longreadsassembly'),(2,'Mito_Assembler_Megahit','mitoassemblermegahit','Mito Assembler Megahit','0.0.1','mmassaviol','2020-01-23','2020-01-23','megahit','{ \"class\": \"GraphLinksModel\",\n  \"linkFromPortIdProperty\": \"fromPort\",\n  \"linkToPortIdProperty\": \"toPort\",\n  \"modelData\": {\"position\":\"-433.05416679382324 -1178\"},\n  \"nodeDataArray\": [ \n{\"key\":1, \"name\":\"end\", \"category\":\"End\", \"loc\":\"730 -750\", \"text\":\"End\", \"figure\":\"Circle\", \"fill\":\"#e74c3c\", \"strokeWidth\":2, \"inservices\":[ {\"name\":\"i1\", \"type\":\"step\", \"value\":\"end\"} ]},\n{\"key\":2, \"name\":\"start\", \"category\":\"Start\", \"loc\":\"-360 -750\", \"text\":\"Start\", \"figure\":\"Circle\", \"fill\":\"#4cd137\", \"strokeWidth\":2, \"outservices\":[ {\"name\":\"o1\", \"type\":\"step\", \"value\":\"start\"} ]},\n{\"name\":\"megahit_SE\", \"text\":\"Megahit SE\", \"category\":\"Tool\", \"size2\":\"150 55\", \"description\":\"An ultra-fast single-node solution for large and complex metagenomics assembly via succinct de Bruijn graph\", \"figure\":\"Rectangle\", \"fill\":\"#3498db\", \"strokeWidth\":2, \"inservices\":[ {\"name\":\"i1\", \"type\":\"reads\", \"value\":\"read\"} ], \"outservices\":[ {\"name\":\"o1\", \"type\":\"fasta\", \"value\":\"contigs\", \"description\":\"Result of the assembly\"} ], \"outservices2\":[ {\"name\":\"link\", \"type\":\"link\", \"value\":\"linkIn\"} ], \"key\":\"3099450838\", \"loc\":\"60 -470\"},\n{\"name\":\"megahit_PE\", \"text\":\"Megahit PE\", \"category\":\"Tool\", \"size2\":\"150 55\", \"description\":\"An ultra-fast single-node solution for large and complex metagenomics assembly via succinct de Bruijn graph\", \"figure\":\"Rectangle\", \"fill\":\"#3498db\", \"strokeWidth\":2, \"inservices\":[ {\"name\":\"i1\", \"type\":\"reads\", \"value\":\"read\"},{\"name\":\"i2\", \"type\":\"reads\", \"value\":\"read2\"} ], \"outservices\":[ {\"name\":\"o1\", \"type\":\"fasta\", \"value\":\"contigs\", \"description\":\"Result of the assembly\"} ], \"outservices2\":[ {\"name\":\"link\", \"type\":\"link\", \"value\":\"linkIn\"} ], \"key\":\"1941512165\", \"loc\":\"70 -220\"},\n{\"name\":\"step\", \"text\":\"Quality check\", \"size2\":\"125 55\", \"category\":\"Step\", \"strokeWidth\":2, \"inservices\":[ {\"name\":\"i1\", \"type\":\"step\", \"value\":\"stepIn\", \"description\":\"\"} ], \"outservices\":[ {\"name\":\"o1\", \"type\":\"step\", \"value\":\"stepOut\"} ], \"outservices2\":[ {\"name\":\"o2\", \"type\":\"link\", \"value\":\"linkOut\"} ], \"key\":\"6434599292\", \"loc\":\"-200 -750\"},\n{\"name\":\"step\", \"text\":\"Assembling\", \"size2\":\"125 55\", \"category\":\"Step\", \"strokeWidth\":2, \"inservices\":[ {\"name\":\"i1\", \"type\":\"step\", \"value\":\"stepIn\", \"description\":\"\"} ], \"outservices\":[ {\"name\":\"o1\", \"type\":\"step\", \"value\":\"stepOut\"} ], \"outservices2\":[ {\"name\":\"o2\", \"type\":\"link\", \"value\":\"linkOut\"} ], \"key\":\"64345992922\", \"loc\":\"-10 -750\"},\n{\"name\":\"step\", \"text\":\"Find Mitochondrion\", \"size2\":\"125 55\", \"category\":\"Step\", \"strokeWidth\":2, \"inservices\":[ {\"name\":\"i1\", \"type\":\"step\", \"value\":\"stepIn\", \"description\":\"\"} ], \"outservices\":[ {\"name\":\"o1\", \"type\":\"step\", \"value\":\"stepOut\"} ], \"outservices2\":[ {\"name\":\"o2\", \"type\":\"link\", \"value\":\"linkOut\"} ], \"key\":\"64345992923\", \"loc\":\"170 -750\"},\n{\"name\":\"step\", \"text\":\"Annotate\", \"size2\":\"125 55\", \"category\":\"Step\", \"strokeWidth\":2, \"inservices\":[ {\"name\":\"i1\", \"type\":\"step\", \"value\":\"stepIn\", \"description\":\"\"} ], \"outservices\":[ {\"name\":\"o1\", \"type\":\"step\", \"value\":\"stepOut\"} ], \"outservices2\":[ {\"name\":\"o2\", \"type\":\"link\", \"value\":\"linkOut\"} ], \"key\":\"64345992924\", \"loc\":\"360 -750\"},\n{\"name\":\"step\", \"text\":\"Visualize\", \"size2\":\"125 55\", \"category\":\"Step\", \"strokeWidth\":2, \"inservices\":[ {\"name\":\"i1\", \"type\":\"step\", \"value\":\"stepIn\", \"description\":\"\"} ], \"outservices\":[ {\"name\":\"o1\", \"type\":\"step\", \"value\":\"stepOut\"} ], \"outservices2\":[ {\"name\":\"o2\", \"type\":\"link\", \"value\":\"linkOut\"} ], \"key\":\"64345992925\", \"loc\":\"560 -750\"},\n{\"name\":\"fastqc_SE\", \"text\":\"Fastqc SE\", \"category\":\"Tool\", \"size2\":\"125 55\", \"description\":\"A quality control tool for high throughput raw sequence data.\", \"figure\":\"Rectangle\", \"fill\":\"#3498db\", \"strokeWidth\":2, \"inservices\":[ {\"name\":\"i1\", \"type\":\"reads\", \"value\":\"read\"} ], \"outservices\":[ {\"name\":\"o1\", \"type\":\"html\", \"value\":\"html\", \"description\":\"Rapport html\"},{\"name\":\"o2\", \"type\":\"zip\", \"value\":\"zip\", \"description\":\"Dossier zip\"} ], \"outservices2\":[ {\"name\":\"link\", \"type\":\"link\", \"value\":\"linkIn\"} ], \"key\":\"1286598894\", \"loc\":\"-190 -560\"},\n{\"name\":\"fastqc_PE\", \"text\":\"Fastqc PE\", \"category\":\"Tool\", \"size2\":\"125 105\", \"description\":\"A quality control tool for high throughput raw sequence data.\", \"figure\":\"Rectangle\", \"fill\":\"#3498db\", \"strokeWidth\":2, \"inservices\":[ {\"name\":\"i1\", \"type\":\"reads\", \"value\":\"read\"},{\"name\":\"i2\", \"type\":\"reads\", \"value\":\"read2\"} ], \"outservices\":[ {\"name\":\"o1\", \"type\":\"html\", \"value\":\"html1\", \"description\":\"Rapport html 1\"},{\"name\":\"o2\", \"type\":\"zip\", \"value\":\"zip1\", \"description\":\"Dossier zip 1\"},{\"name\":\"o3\", \"type\":\"html\", \"value\":\"html2\", \"description\":\"Rapport html 2\"},{\"name\":\"o4\", \"type\":\"zip\", \"value\":\"zip2\", \"description\":\"Dossier zip 2\"} ], \"outservices2\":[ {\"name\":\"link\", \"type\":\"link\", \"value\":\"linkIn\"} ], \"key\":\"7591033956\", \"loc\":\"-140 -350\"},\n{\"name\":\"reads\", \"text\":\"reads\", \"category\":\"Data\", \"figure\":\"Rectangle\", \"fill\":\"#2ecc71\", \"strokeWidth\":2, \"outservices\":[ {\"name\":\"o1\", \"type\":\"reads\", \"value\":\"raw_reads\"} ], \"key\":-3, \"loc\":\"-370 -640\"},\n{\"name\":\"reads\", \"text\":\"reads\", \"category\":\"Data\", \"figure\":\"Rectangle\", \"fill\":\"#2ecc71\", \"strokeWidth\":2, \"outservices\":[ {\"name\":\"o1\", \"type\":\"reads\", \"value\":\"raw_reads\"} ], \"key\":-13, \"loc\":\"-370 -180\"},\n{\"name\":\"mitoz_findmitoscaf\", \"text\":\"MitoZ Findmitoscaf\", \"category\":\"Tool\", \"size2\":\"175 55\", \"description\":\"A toolkit for assembly, annotation, and visualization of animal mitochondrial genomes\", \"figure\":\"Rectangle\", \"fill\":\"#3498db\", \"strokeWidth\":2, \"inservices\":[ {\"name\":\"i1\", \"type\":\"fasta\", \"value\":\"fasta\"} ], \"outservices\":[ {\"name\":\"o1\", \"type\":\"fasta\", \"value\":\"mitogenome\", \"description\":\"The mitochondrial sequences from each Kmer assembly\"},{\"name\":\"o2\", \"type\":\"txt\", \"value\":\"readme\", \"description\":\"README\"} ], \"outservices2\":[ {\"name\":\"link\", \"type\":\"link\", \"value\":\"linkIn\"} ], \"key\":\"3136655835\", \"loc\":\"240 -370\"},\n{\"name\":\"mitoz_annotate_PE\", \"text\":\"MitoZ Annotate PE\", \"category\":\"Tool\", \"size2\":\"175 75\", \"description\":\"A toolkit for assembly, annotation, and visualization of animal mitochondrial genomes\", \"figure\":\"Rectangle\", \"fill\":\"#3498db\", \"strokeWidth\":2, \"inservices\":[ {\"name\":\"i1\", \"type\":\"reads\", \"value\":\"read\"},{\"name\":\"i2\", \"type\":\"reads\", \"value\":\"read2\"},{\"name\":\"i3\", \"type\":\"fasta\", \"value\":\"fastafile\"} ], \"outservices\":[ {\"name\":\"o1\", \"type\":\"gbf\", \"value\":\"genbank_annots\", \"description\":\"The mitochondrial genome in GenBank format\"},{\"name\":\"o2\", \"type\":\"txt\", \"value\":\"readme\", \"description\":\"README\"},{\"name\":\"o3\", \"type\":\"bam\", \"value\":\"circos_bam\", \"description\":\"bam file\"} ], \"outservices2\":[ {\"name\":\"link\", \"type\":\"link\", \"value\":\"linkIn\"} ], \"key\":\"9327453140\", \"loc\":\"450 -200\"},\n{\"name\":\"mitoz_annotate_SE\", \"text\":\"MitoZ Annotate SE\", \"category\":\"Tool\", \"size2\":\"175 75\", \"description\":\"A toolkit for assembly, annotation, and visualization of animal mitochondrial genomes\", \"figure\":\"Rectangle\", \"fill\":\"#3498db\", \"strokeWidth\":2, \"inservices\":[ {\"name\":\"i1\", \"type\":\"reads\", \"value\":\"read\"},{\"name\":\"i2\", \"type\":\"fasta\", \"value\":\"fastafile\"} ], \"outservices\":[ {\"name\":\"o1\", \"type\":\"gbf\", \"value\":\"genbank_annots\", \"description\":\"The mitochondrial genome in GenBank format\"},{\"name\":\"o2\", \"type\":\"txt\", \"value\":\"readme\", \"description\":\"README\"},{\"name\":\"o3\", \"type\":\"bam\", \"value\":\"circos_bam\", \"description\":\"bam file\"} ], \"outservices2\":[ {\"name\":\"link\", \"type\":\"link\", \"value\":\"linkIn\"} ], \"key\":\"1909060528\", \"loc\":\"480 -520\"},\n{\"name\":\"igv_visualize\", \"text\":\"IGV visualize\", \"size2\":\"125 55\", \"category\":\"Tool\", \"description\":\"Integrative Genomics Viewer. Fast, efficient, scalable visualization tool for genomics data and annotations\", \"figure\":\"Rectangle\", \"fill\":\"#3498db\", \"strokeWidth\":2, \"inservices\":[ {\"name\":\"i1\", \"type\":\"fasta\", \"value\":\"genome\", \"description\":\"Genome\"},{\"name\":\"i2\", \"type\":\"bam\", \"value\":\"circos_bam\", \"description\":\"Circos bam\"} ], \"outservices\":[ {\"name\":\"o1\", \"type\":\"png\", \"value\":\"igv_png\", \"description\":\"Contig and read coverage visualisation\"} ], \"outservices2\":[ {\"name\":\"link\", \"type\":\"link\", \"value\":\"linkIn\"} ], \"key\":\"5730613773\", \"loc\":\"690 -360\"},\n{\"name\":\"multiqc\", \"text\":\"Multiqc\", \"size2\":\"125 55\", \"category\":\"Repport\", \"description\":\"Multiqc\", \"figure\":\"Rectangle\", \"fill\":\"#e67e22\", \"strokeWidth\":2, \"inservices\":[ {\"name\":\"i1\", \"type\":\"*\", \"value\":\"data\", \"description\":\"\"} ], \"outservices\":[ {\"name\":\"o1\", \"type\":\"html\", \"value\":\"rapport\", \"description\":\"Rapport\"} ], \"key\":\"5353255848\", \"loc\":\"860 -490\"}\n ],\n  \"linkDataArray\": [ \n{\"from\":2, \"to\":\"6434599292\", \"fromPort\":\"start\", \"toPort\":\"stepIn\", \"points\":[-325.6045834779739,-750.2,-315.6045834779739,-750.2,-315.6045834779739,-747.8895486413588,-315.6045834779739,-747.8895486413588,-277.23857625084605,-747.8895486413588,-267.23857625084605,-747.8895486413588]},\n{\"from\":\"6434599292\", \"to\":\"64345992922\", \"fromPort\":\"stepOut\", \"toPort\":\"stepIn\", \"points\":[-133.76142374915398,-747.8895486413588,-123.76142374915398,-747.8895486413588,-123.76142374915398,-747.8895486413588,-123.76142374915398,-747.8895486413588,-87.23857625084604,-747.8895486413588,-77.23857625084604,-747.8895486413588]},\n{\"from\":\"64345992922\", \"to\":\"64345992923\", \"fromPort\":\"stepOut\", \"toPort\":\"stepIn\", \"points\":[56.238576250846016,-747.8895486413588,66.23857625084602,-747.8895486413588,66.23857625084602,-747.8895486413588,66.23857625084602,-747.8895486413588,92.76142374915396,-747.8895486413588,102.76142374915396,-747.8895486413588]},\n{\"from\":\"64345992923\", \"to\":\"64345992924\", \"fromPort\":\"stepOut\", \"toPort\":\"stepIn\", \"points\":[236.23857625084602,-747.8895486413588,246.23857625084602,-747.8895486413588,246.23857625084602,-747.8895486413588,246.23857625084602,-747.8895486413588,282.76142374915395,-747.8895486413588,292.76142374915395,-747.8895486413588]},\n{\"from\":\"64345992924\", \"to\":\"64345992925\", \"fromPort\":\"stepOut\", \"toPort\":\"stepIn\", \"points\":[426.23857625084605,-747.8895486413588,436.23857625084605,-747.8895486413588,436.23857625084605,-747.8895486413588,436.23857625084605,-747.8895486413588,482.76142374915395,-747.8895486413588,492.76142374915395,-747.8895486413588]},\n{\"from\":\"64345992925\", \"to\":1, \"fromPort\":\"stepOut\", \"toPort\":\"end\", \"points\":[626.238576250846,-747.8895486413588,636.238576250846,-747.8895486413588,636.238576250846,-750.2,636.238576250846,-750.2,680.604583477974,-750.2,690.604583477974,-750.2]},\n{\"from\":\"6434599292\", \"to\":\"1286598894\", \"fromPort\":\"linkOut\", \"toPort\":\"linkIn\", \"points\":[-199.5,-716.7614237491539,-199.5,-706.7614237491539,-199.5,-654.07842013559,-191.08333349227905,-654.07842013559,-191.08333349227905,-601.395416522026,-191.08333349227905,-591.395416522026]},\n{\"from\":\"6434599292\", \"to\":\"7591033956\", \"fromPort\":\"linkOut\", \"toPort\":\"linkIn\", \"points\":[-199.5,-716.7614237491539,-199.5,-706.7614237491539,-199.5,-706.7614237491539,-100,-706.7614237491539,-100,-516,-141.08333349227905,-516,-141.08333349227905,-416.39541652202604,-141.08333349227905,-406.39541652202604]},\n{\"from\":-3, \"to\":\"1286598894\", \"fromPort\":\"raw_reads\", \"toPort\":\"read\", \"points\":[-311.94583320617676,-638.7,-301.94583320617676,-638.7,-289.2354166507721,-638.7,-289.2354166507721,-552.804583477974,-276.52500009536743,-552.804583477974,-266.52500009536743,-552.804583477974]},\n{\"from\":-3, \"to\":\"7591033956\", \"fromPort\":\"raw_reads\", \"toPort\":\"read\", \"points\":[-311.94583320617676,-638.7,-301.94583320617676,-638.7,-300,-638.7,-300,-359.595416522026,-226.52500009536743,-359.595416522026,-216.52500009536743,-359.595416522026]},\n{\"from\":-13, \"to\":\"7591033956\", \"fromPort\":\"raw_reads\", \"toPort\":\"read2\", \"points\":[-311.94583320617676,-178.7,-301.94583320617676,-178.7,-264.2354166507721,-178.7,-264.2354166507721,-336.01375043392176,-226.52500009536743,-336.01375043392176,-216.52500009536743,-336.01375043392176]},\n{\"from\":\"64345992922\", \"to\":\"3099450838\", \"fromPort\":\"linkOut\", \"toPort\":\"linkIn\", \"points\":[-9.50000000000001,-716.7614237491539,-9.50000000000001,-706.7614237491539,-9.50000000000001,-609.07842013559,58.91666650772095,-609.07842013559,58.91666650772095,-511.39541652202604,58.91666650772095,-501.39541652202604]},\n{\"from\":\"64345992922\", \"to\":\"1941512165\", \"fromPort\":\"linkOut\", \"toPort\":\"linkIn\", \"points\":[-9.50000000000001,-716.7614237491539,-9.50000000000001,-706.7614237491539,-9.50000000000001,-706.7614237491539,-65,-706.7614237491539,-65,-428.1999969482422,68.91666650772095,-428.1999969482422,68.91666650772095,-261.39541652202604,68.91666650772095,-251.39541652202604]},\n{\"from\":-13, \"to\":\"1941512165\", \"fromPort\":\"raw_reads\", \"toPort\":\"read2\", \"points\":[-311.94583320617676,-178.7,-301.94583320617676,-178.7,-165.4854166507721,-178.7,-165.4854166507721,-201.01375043392179,-29.02500009536743,-201.01375043392179,-19.02500009536743,-201.01375043392179]},\n{\"from\":-3, \"to\":\"3099450838\", \"fromPort\":\"raw_reads\", \"toPort\":\"read\", \"points\":[-311.94583320617676,-638.7,-301.94583320617676,-638.7,-300,-638.7,-300,-462.8045834779739,-39.02500009536743,-462.8045834779739,-29.02500009536743,-462.8045834779739]},\n{\"from\":-3, \"to\":\"1941512165\", \"fromPort\":\"raw_reads\", \"toPort\":\"read\", \"points\":[-311.94583320617676,-638.7,-301.94583320617676,-638.7,-300,-638.7,-300,-224.59541652202603,-29.02500009536743,-224.59541652202603,-19.02500009536743,-224.59541652202603]},\n{\"from\":\"3099450838\", \"to\":\"3136655835\", \"fromPort\":\"contigs\", \"toPort\":\"fasta\", \"points\":[149.02500009536743,-462.8045834779739,159.02500009536743,-462.8045834779739,159.02500009536743,-420,128.47499990463257,-420,128.47499990463257,-362.8045834779739,138.47499990463257,-362.8045834779739]},\n{\"from\":\"1941512165\", \"to\":\"3136655835\", \"fromPort\":\"contigs\", \"toPort\":\"fasta\", \"points\":[159.02500009536743,-212.8045834779739,169.02500009536743,-212.8045834779739,169.02500009536743,-295,128.47499990463257,-295,128.47499990463257,-362.8045834779739,138.47499990463257,-362.8045834779739]},\n{\"from\":\"64345992923\", \"to\":\"3136655835\", \"fromPort\":\"linkOut\", \"toPort\":\"linkIn\", \"points\":[170.5,-716.7614237491539,170.5,-706.7614237491539,170.5,-706.7614237491539,238.91666650772095,-706.7614237491539,238.91666650772095,-411.39541652202604,238.91666650772095,-401.39541652202604]},\n{\"from\":\"64345992924\", \"to\":\"1909060528\", \"fromPort\":\"linkOut\", \"toPort\":\"linkIn\", \"points\":[360.5,-716.7614237491539,360.5,-706.7614237491539,360.5,-639.07842013559,478.91666650772095,-639.07842013559,478.91666650772095,-571.395416522026,478.91666650772095,-561.395416522026]},\n{\"from\":\"64345992924\", \"to\":\"9327453140\", \"fromPort\":\"linkOut\", \"toPort\":\"linkIn\", \"points\":[360.5,-716.7614237491539,360.5,-706.7614237491539,360.5,-708,360.5,-708,360.5,-468,448.91666650772095,-468,448.91666650772095,-251.39541652202607,448.91666650772095,-241.39541652202607]},\n{\"from\":\"3136655835\", \"to\":\"1909060528\", \"fromPort\":\"mitogenome\", \"toPort\":\"fastafile\", \"points\":[341.52500009536743,-374.595416522026,351.52500009536743,-374.595416522026,360,-374.595416522026,360,-503.01375043392176,368.47499990463257,-503.01375043392176,378.47499990463257,-503.01375043392176]},\n{\"from\":\"3136655835\", \"to\":\"9327453140\", \"fromPort\":\"mitogenome\", \"toPort\":\"fastafile\", \"points\":[341.52500009536743,-374.595416522026,351.52500009536743,-374.595416522026,351.52500009536743,-290,338.47499990463257,-290,338.47499990463257,-171.22291738986968,348.47499990463257,-171.22291738986968]},\n{\"from\":-3, \"to\":\"1909060528\", \"fromPort\":\"raw_reads\", \"toPort\":\"read\", \"points\":[-311.94583320617676,-638.7,-301.94583320617676,-638.7,33.264583349227905,-638.7,33.264583349227905,-526.5954165220261,368.47499990463257,-526.5954165220261,378.47499990463257,-526.5954165220261]},\n{\"from\":-3, \"to\":\"9327453140\", \"fromPort\":\"raw_reads\", \"toPort\":\"read\", \"points\":[-311.94583320617676,-638.7,-301.94583320617676,-638.7,-300,-638.7,-300,-638.7,-52,-638.7,-52,-324,172,-324,172,-218.3862495660782,338.47499990463257,-218.3862495660782,348.47499990463257,-218.3862495660782]},\n{\"from\":-13, \"to\":\"9327453140\", \"fromPort\":\"raw_reads\", \"toPort\":\"read2\", \"points\":[-311.94583320617676,-178.7,-301.94583320617676,-178.7,-300,-178.7,-300,-172,172,-172,172,-194.80458347797395,338.47499990463257,-194.80458347797395,348.47499990463257,-194.80458347797395]},\n{\"from\":\"1909060528\", \"to\":\"5730613773\", \"fromPort\":\"circos_bam\", \"toPort\":\"circos_bam\", \"points\":[581.5250000953674,-491.2229173898696,591.5250000953674,-491.2229173898696,597.5,-491.2229173898696,597.5,-341.01375043392176,603.4749999046326,-341.01375043392176,613.4749999046326,-341.01375043392176]},\n{\"from\":\"9327453140\", \"to\":\"5730613773\", \"fromPort\":\"circos_bam\", \"toPort\":\"circos_bam\", \"points\":[551.5250000953674,-171.22291738986968,561.5250000953674,-171.22291738986968,582.5,-171.22291738986968,582.5,-341.01375043392176,603.4749999046326,-341.01375043392176,613.4749999046326,-341.01375043392176]},\n{\"from\":\"3136655835\", \"to\":\"5730613773\", \"fromPort\":\"mitogenome\", \"toPort\":\"genome\", \"points\":[341.52500009536743,-374.595416522026,351.52500009536743,-374.595416522026,477.5,-374.595416522026,477.5,-364.595416522026,603.4749999046326,-364.595416522026,613.4749999046326,-364.595416522026]},\n{\"from\":\"5730613773\", \"to\":\"5353255848\", \"fromPort\":\"igv_png\", \"toPort\":\"data\", \"points\":[766.5250000953674,-352.8045834779739,776.5250000953674,-352.8045834779739,776.5250000953674,-427.947708261013,773.4749999046326,-427.947708261013,773.4749999046326,-488.7,783.4749999046326,-488.7]},\n{\"from\":\"64345992925\", \"to\":\"5730613773\", \"fromPort\":\"linkOut\", \"toPort\":\"linkIn\", \"points\":[560.5,-716.7614237491539,560.5,-706.7614237491539,560.5,-708,560.5,-708,560.5,-700,688.916666507721,-700,688.916666507721,-401.39541652202604,688.916666507721,-391.39541652202604]}\n ]}','{\r\nname: \"\",\r\ndescription: \"\",\r\nversion: \"0.0.1\",\r\nauthor: \"\",\r\nsteps: [\r\n    { title: \"Quality check\", name: \"quality check\", tools: [\"fastqc\"], default: \"fastqc\" },\r\n    { title: \"Assembling\", name: \"assembling\", tools: [\"megahit\"], default: \"megahit\" },\r\n    { title: \"Find Mitochondrion\", name: \"find mitochondrion\", tools: [\"mitoz_findmitoscaf\"], default: \"mitoz_findmitoscaf\" },\r\n    { title: \"Annotate\", name: \"annotate\", tools: [\"mitoz_annotate\"], default: \"mitoz_annotate\" },\r\n    { title: \"Visualize\", name: \"visualize\", tools: [\"igv_visualize\"], default: \"igv_visualize\" },\r\n],\r\noptions: [\r\n{\r\nname: \"results_dir\",\r\ntype: \"output_dir\",\r\nvalue: \"/Results\",\r\nlabel: \"Results directory: \",\r\nvolumes:  [Results: \"/Results\"]\r\n},\r\n{\r\nname: \"sample_dir\",\r\ntype: \"input_dir\",\r\nvalue: \"/Data\",\r\nlabel: \"Data directory: \",\r\nvolumes:  [Data: \"/Data\", Results: \"/Results\"]\r\n},\r\n],\r\nsteps_in: [\r\n{ step_name:\"quality check\", tool_name: \"fastqc\", rule_name: \"fastqc_SE\", step_null: false,\r\n    params: [\r\n        { input_name: read, origin_command: reads, origin_name: raw_reads},\r\n    ]\r\n},\r\n{ step_name:\"quality check\", tool_name: \"fastqc\", rule_name: \"fastqc_PE\", step_null: false,\r\n    params: [\r\n        { input_name: read, origin_command: reads, origin_name: raw_reads},\r\n        { input_name: read2, origin_command: reads, origin_name: raw_reads},\r\n    ]\r\n},\r\n{ step_name:\"assembling\", tool_name: \"megahit\", rule_name: \"megahit_SE\", step_null: false,\r\n    params: [\r\n        { input_name: read, origin_command: reads, origin_name: raw_reads},\r\n    ]\r\n},\r\n{ step_name:\"assembling\", tool_name: \"megahit\", rule_name: \"megahit_PE\", step_null: false,\r\n    params: [\r\n        { input_name: read, origin_command: reads, origin_name: raw_reads},\r\n        { input_name: read2, origin_command: reads, origin_name: raw_reads},\r\n    ]\r\n},\r\n{ step_name:\"find mitochondrion\", tool_name: \"mitoz_findmitoscaf\", rule_name: \"mitoz_findmitoscaf\", step_null: false,\r\n    params: [\r\n        { input_name: fasta, origin_command: megahit_SE, origin_name: contigs},\r\n    ]\r\n},\r\n{ step_name:\"annotate\", tool_name: \"mitoz_annotate\", rule_name: \"mitoz_annotate_SE\", step_null: false,\r\n    params: [\r\n        { input_name: read, origin_command: reads, origin_name: raw_reads},\r\n        { input_name: fastafile, origin_command: mitoz_findmitoscaf, origin_name: mitogenome},\r\n    ]\r\n},\r\n{ step_name:\"annotate\", tool_name: \"mitoz_annotate\", rule_name: \"mitoz_annotate_PE\", step_null: false,\r\n    params: [\r\n        { input_name: read, origin_command: reads, origin_name: raw_reads},\r\n        { input_name: read2, origin_command: reads, origin_name: raw_reads},\r\n        { input_name: fastafile, origin_command: mitoz_findmitoscaf, origin_name: mitogenome},\r\n    ]\r\n},\r\n{ step_name:\"visualize\", tool_name: \"igv_visualize\", rule_name: \"igv_visualize\", step_null: false,\r\n    params: [\r\n        { input_name: genome, origin_command: mitoz_findmitoscaf, origin_name: mitogenome},\r\n        { input_name: circos_bam, origin_command: mitoz_annotate_SE, origin_name: circos_bam},\r\n    ]\r\n},\r\n],\r\nparams_equals: [\r\n\r\n]\r\n}\r\n','https://gitlab.mbb.univ-montp2.fr/khalid/mitoassemblermegahit/'),(3,'RADseq_ref','radseqref','RADseq analysis of data with reference genome','0.0.1','mmassaviol','2020-02-24','2020-02-24','RADseq reference genome','{ \"class\": \"GraphLinksModel\",\r\n  \"linkFromPortIdProperty\": \"fromPort\",\r\n  \"linkToPortIdProperty\": \"toPort\",\r\n  \"modelData\": {\"position\":\"-423.05416679382324 -981\"},\r\n  \"nodeDataArray\": [ \r\n{\"key\":1, \"name\":\"end\", \"category\":\"End\", \"loc\":\"820 -690\", \"text\":\"End\", \"figure\":\"Circle\", \"fill\":\"#e74c3c\", \"strokeWidth\":2, \"inservices\":[ {\"name\":\"i1\", \"type\":\"step\", \"value\":\"end\"} ]},\r\n{\"key\":2, \"name\":\"start\", \"category\":\"Start\", \"loc\":\"-350 -700\", \"text\":\"Start\", \"figure\":\"Circle\", \"fill\":\"#4cd137\", \"strokeWidth\":2, \"outservices\":[ {\"name\":\"o1\", \"type\":\"step\", \"value\":\"start\"} ]},\r\n{\"name\":\"step\", \"text\":\"Quality check\", \"size2\":\"125 55\", \"category\":\"Step\", \"strokeWidth\":2, \"inservices\":[ {\"name\":\"i1\", \"type\":\"step\", \"value\":\"stepIn\", \"description\":\"\"} ], \"outservices\":[ {\"name\":\"o1\", \"type\":\"step\", \"value\":\"stepOut\"} ], \"outservices2\":[ {\"name\":\"o2\", \"type\":\"link\", \"value\":\"linkOut\"} ], \"key\":\"8963860899\", \"loc\":\"-170 -690\"},\r\n{\"name\":\"step\", \"text\":\"Demultiplexing\", \"size2\":\"125 55\", \"category\":\"Step\", \"strokeWidth\":2, \"inservices\":[ {\"name\":\"i1\", \"type\":\"step\", \"value\":\"stepIn\", \"description\":\"\"} ], \"outservices\":[ {\"name\":\"o1\", \"type\":\"step\", \"value\":\"stepOut\"} ], \"outservices2\":[ {\"name\":\"o2\", \"type\":\"link\", \"value\":\"linkOut\"} ], \"key\":\"89638608992\", \"loc\":\"0 -690\"},\r\n{\"name\":\"step\", \"text\":\"Mapping\", \"size2\":\"125 55\", \"category\":\"Step\", \"strokeWidth\":2, \"inservices\":[ {\"name\":\"i1\", \"type\":\"step\", \"value\":\"stepIn\", \"description\":\"\"} ], \"outservices\":[ {\"name\":\"o1\", \"type\":\"step\", \"value\":\"stepOut\"} ], \"outservices2\":[ {\"name\":\"o2\", \"type\":\"link\", \"value\":\"linkOut\"} ], \"key\":\"89638608993\", \"loc\":\"170 -690\"},\r\n{\"name\":\"step\", \"text\":\"Mapping check\", \"size2\":\"125 55\", \"category\":\"Step\", \"strokeWidth\":2, \"inservices\":[ {\"name\":\"i1\", \"type\":\"step\", \"value\":\"stepIn\", \"description\":\"\"} ], \"outservices\":[ {\"name\":\"o1\", \"type\":\"step\", \"value\":\"stepOut\"} ], \"outservices2\":[ {\"name\":\"o2\", \"type\":\"link\", \"value\":\"linkOut\"} ], \"key\":\"89638608994\", \"loc\":\"340 -690\"},\r\n{\"name\":\"step\", \"text\":\"Gstacks\", \"size2\":\"125 55\", \"category\":\"Step\", \"strokeWidth\":2, \"inservices\":[ {\"name\":\"i1\", \"type\":\"step\", \"value\":\"stepIn\", \"description\":\"\"} ], \"outservices\":[ {\"name\":\"o1\", \"type\":\"step\", \"value\":\"stepOut\"} ], \"outservices2\":[ {\"name\":\"o2\", \"type\":\"link\", \"value\":\"linkOut\"} ], \"key\":\"89638608995\", \"loc\":\"510 -690\"},\r\n{\"name\":\"step\", \"text\":\"Populations\", \"size2\":\"125 55\", \"category\":\"Step\", \"strokeWidth\":2, \"inservices\":[ {\"name\":\"i1\", \"type\":\"step\", \"value\":\"stepIn\", \"description\":\"\"} ], \"outservices\":[ {\"name\":\"o1\", \"type\":\"step\", \"value\":\"stepOut\"} ], \"outservices2\":[ {\"name\":\"o2\", \"type\":\"link\", \"value\":\"linkOut\"} ], \"key\":\"89638608996\", \"loc\":\"680 -690\"},\r\n{\"name\":\"null\", \"text\":\"NULL\", \"size2\":\"125 55\", \"category\":\"Tool\", \"description\":\"NULL tool\", \"figure\":\"Rectangle\", \"fill\":\"#3498db\", \"strokeWidth\":2, \"inservices\":[], \"outservices\":[], \"outservices2\":[ {\"name\":\"link\", \"type\":\"link\", \"value\":\"linkIn\"} ], \"key\":\"5109882360\", \"loc\":\"-210 -550\"},\r\n{\"name\":\"reads\", \"text\":\"reads\", \"category\":\"Data\", \"figure\":\"Rectangle\", \"fill\":\"#2ecc71\", \"strokeWidth\":2, \"outservices\":[ {\"name\":\"o1\", \"type\":\"reads\", \"value\":\"raw_reads\"} ], \"key\":-3, \"loc\":\"-360 -440\"},\r\n{\"name\":\"reads\", \"text\":\"reads\", \"category\":\"Data\", \"figure\":\"Rectangle\", \"fill\":\"#2ecc71\", \"strokeWidth\":2, \"outservices\":[ {\"name\":\"o1\", \"type\":\"reads\", \"value\":\"raw_reads\"} ], \"key\":-11, \"loc\":\"-360 -150\"},\r\n{\"name\":\"fastqc_SE\", \"text\":\"Fastqc SE\", \"category\":\"Tool\", \"size2\":\"125 55\", \"description\":\"A quality control tool for high throughput raw sequence data.\", \"figure\":\"Rectangle\", \"fill\":\"#3498db\", \"strokeWidth\":2, \"inservices\":[ {\"name\":\"i1\", \"type\":\"reads\", \"value\":\"read\"} ], \"outservices\":[ {\"name\":\"o1\", \"type\":\"html\", \"value\":\"html\", \"description\":\"Rapport html\"},{\"name\":\"o2\", \"type\":\"zip\", \"value\":\"zip\", \"description\":\"Dossier zip\"} ], \"outservices2\":[ {\"name\":\"link\", \"type\":\"link\", \"value\":\"linkIn\"} ], \"key\":\"3287649084\", \"loc\":\"-140 -420\"},\r\n{\"name\":\"fastqc_PE\", \"text\":\"Fastqc PE\", \"category\":\"Tool\", \"size2\":\"125 105\", \"description\":\"A quality control tool for high throughput raw sequence data.\", \"figure\":\"Rectangle\", \"fill\":\"#3498db\", \"strokeWidth\":2, \"inservices\":[ {\"name\":\"i1\", \"type\":\"reads\", \"value\":\"read\"},{\"name\":\"i2\", \"type\":\"reads\", \"value\":\"read2\"} ], \"outservices\":[ {\"name\":\"o1\", \"type\":\"html\", \"value\":\"html1\", \"description\":\"Rapport html 1\"},{\"name\":\"o2\", \"type\":\"zip\", \"value\":\"zip1\", \"description\":\"Dossier zip 1\"},{\"name\":\"o3\", \"type\":\"html\", \"value\":\"html2\", \"description\":\"Rapport html 2\"},{\"name\":\"o4\", \"type\":\"zip\", \"value\":\"zip2\", \"description\":\"Dossier zip 2\"} ], \"outservices2\":[ {\"name\":\"link\", \"type\":\"link\", \"value\":\"linkIn\"} ], \"key\":\"4171582656\", \"loc\":\"-160 -60\"},\r\n{\"name\":\"process_radtags_SE\", \"text\":\"Process radtags SE\", \"category\":\"Tool\", \"size2\":\"175 75\", \"description\":\"process_radtags examines raw reads from an Illumina sequencing run and first, checks that the barcode and the RAD cutsite are intact, and demultiplexes the data. If there are errors in the barcode or the RAD site within a certain allowance process_radtags can correct them. Second, it slides a window down the length of the read and checks the average quality score within the window. If the score drops below 90% probability of being correct (a raw phred score of 10), the read is discarded.\", \"figure\":\"Rectangle\", \"fill\":\"#3498db\", \"strokeWidth\":2, \"inservices\":[ {\"name\":\"i1\", \"type\":\"reads\", \"value\":\"read\"},{\"name\":\"i2\", \"type\":\"tsv\", \"value\":\"process_radtags_barcode_file\", \"description\":\"Barcode file\"} ], \"outservices\":[ {\"name\":\"o1\", \"type\":\"fq.gz\", \"value\":\"reads_demultiplexed\", \"description\":\"Files of reads for each individual\"} ], \"outservices2\":[ {\"name\":\"link\", \"type\":\"link\", \"value\":\"linkIn\"} ], \"key\":\"8362313675\", \"loc\":\"40 -340\"},\r\n{\"name\":\"process_radtags_PE\", \"text\":\"Process radtags PE\", \"category\":\"Tool\", \"size2\":\"175 75\", \"description\":\"process_radtags examines raw reads from an Illumina sequencing run and first, checks that the barcode and the RAD cutsite are intact, and demultiplexes the data. If there are errors in the barcode or the RAD site within a certain allowance process_radtags can correct them. Second, it slides a window down the length of the read and checks the average quality score within the window. If the score drops below 90% probability of being correct (a raw phred score of 10), the read is discarded.\", \"figure\":\"Rectangle\", \"fill\":\"#3498db\", \"strokeWidth\":2, \"inservices\":[ {\"name\":\"i1\", \"type\":\"reads\", \"value\":\"read\"},{\"name\":\"i2\", \"type\":\"reads\", \"value\":\"read2\"},{\"name\":\"i3\", \"type\":\"tsv\", \"value\":\"process_radtags_barcode_file\", \"description\":\"Barcode file\"} ], \"outservices\":[ {\"name\":\"o1\", \"type\":\"fq.gz\", \"value\":\"reads_forward_demultiplexed\", \"description\":\"Files of forward reads for each individual\"},{\"name\":\"o2\", \"type\":\"fq.gz\", \"value\":\"reads_reverse_demultiplexed\", \"description\":\"Files of reverse reads for each individual\"} ], \"outservices2\":[ {\"name\":\"link\", \"type\":\"link\", \"value\":\"linkIn\"} ], \"key\":\"5298176794\", \"loc\":\"50 -200\"},\r\n{\"name\":\"null\", \"text\":\"NULL\", \"size2\":\"125 55\", \"category\":\"Tool\", \"description\":\"NULL tool\", \"figure\":\"Rectangle\", \"fill\":\"#3498db\", \"strokeWidth\":2, \"inservices\":[], \"outservices\":[], \"outservices2\":[ {\"name\":\"link\", \"type\":\"link\", \"value\":\"linkIn\"} ], \"key\":\"51098823602\", \"loc\":\"20 -570\"},\r\n{\"name\":\"tsv\", \"text\":\"tsv\", \"category\":\"Data\", \"figure\":\"Rectangle\", \"fill\":\"#2ecc71\", \"strokeWidth\":2, \"outservices\":[ {\"name\":\"o1\", \"type\":\"tsv\", \"value\":\"raw_tsv\"} ], \"key\":-4, \"loc\":\"-360 -310\"},\r\n{\"name\":\"bowtie_SE\", \"text\":\"Bowtie SE\", \"category\":\"Tool\", \"size2\":\"125 75\", \"description\":\"Bowtie is an ultrafast, memory-efficient short read aligner.\", \"figure\":\"Rectangle\", \"fill\":\"#3498db\", \"strokeWidth\":2, \"inservices\":[ {\"name\":\"i1\", \"type\":\"reads\", \"value\":\"read\"},{\"name\":\"i2\", \"type\":\"bowtie.idx\", \"value\":\"index\", \"description\":\"Index kallisto\"} ], \"outservices\":[ {\"name\":\"o1\", \"type\":\"bam\", \"value\":\"bam\", \"description\":\"Alignment files\"} ], \"outservices2\":[ {\"name\":\"link\", \"type\":\"link\", \"value\":\"linkIn\"} ], \"key\":\"2251958270\", \"loc\":\"330 -490\"},\r\n{\"name\":\"bowtie_PE\", \"text\":\"Bowtie PE\", \"category\":\"Tool\", \"size2\":\"125 75\", \"description\":\"Bowtie is an ultrafast, memory-efficient short read aligner.\", \"figure\":\"Rectangle\", \"fill\":\"#3498db\", \"strokeWidth\":2, \"inservices\":[ {\"name\":\"i1\", \"type\":\"reads\", \"value\":\"read\"},{\"name\":\"i2\", \"type\":\"reads\", \"value\":\"read2\"},{\"name\":\"i3\", \"type\":\"bowtie.idx\", \"value\":\"index\", \"description\":\"Index bowtie\"} ], \"outservices\":[ {\"name\":\"o1\", \"type\":\"bam\", \"value\":\"bam\", \"description\":\"Alignment files\"} ], \"outservices2\":[ {\"name\":\"link\", \"type\":\"link\", \"value\":\"linkIn\"} ], \"key\":\"1367440637\", \"loc\":\"340 -370\"},\r\n{\"name\":\"bwa_mem_SE\", \"text\":\"Bwa mem SE\", \"category\":\"Tool\", \"size2\":\"125 75\", \"description\":\"BWA is a software package for mapping low-divergent sequences against a large reference genome.\", \"figure\":\"Rectangle\", \"fill\":\"#3498db\", \"strokeWidth\":2, \"inservices\":[ {\"name\":\"i1\", \"type\":\"reads\", \"value\":\"read\"},{\"name\":\"i2\", \"type\":\"bwa.idx\", \"value\":\"index\", \"description\":\"Index kallisto\"} ], \"outservices\":[ {\"name\":\"o1\", \"type\":\"bam\", \"value\":\"bam\", \"description\":\"Alignment files\"} ], \"outservices2\":[ {\"name\":\"link\", \"type\":\"link\", \"value\":\"linkIn\"} ], \"key\":\"0321291075\", \"loc\":\"330 -170\"},\r\n{\"name\":\"bwa_mem_PE\", \"text\":\"Bwa mem PE\", \"category\":\"Tool\", \"size2\":\"125 75\", \"description\":\"BWA is a software package for mapping low-divergent sequences against a large reference genome.\", \"figure\":\"Rectangle\", \"fill\":\"#3498db\", \"strokeWidth\":2, \"inservices\":[ {\"name\":\"i1\", \"type\":\"reads\", \"value\":\"read\"},{\"name\":\"i2\", \"type\":\"reads\", \"value\":\"read2\"},{\"name\":\"i3\", \"type\":\"bwa.idx\", \"value\":\"index\", \"description\":\"Index bwa\"} ], \"outservices\":[ {\"name\":\"o1\", \"type\":\"bam\", \"value\":\"bam\", \"description\":\"Alignment files\"} ], \"outservices2\":[ {\"name\":\"link\", \"type\":\"link\", \"value\":\"linkIn\"} ], \"key\":\"6474870642\", \"loc\":\"330 -40\"},\r\n{\"name\":\"bwa_index\", \"text\":\"Bwa index\", \"category\":\"Tool\", \"size2\":\"125 55\", \"description\":\"BWA is a software package for mapping low-divergent sequences against a large reference genome.\", \"figure\":\"Rectangle\", \"fill\":\"#3498db\", \"strokeWidth\":2, \"inservices\":[ {\"name\":\"i1\", \"type\":\"fasta\", \"value\":\"bwa_index_path\", \"description\":\"Path to an existing bwa index (or where to save a new one)\"} ], \"outservices\":[ {\"name\":\"o1\", \"type\":\"bwa.idx\", \"value\":\"index\", \"description\":\"Index bwa\"} ], \"outservices2\":[ {\"name\":\"link\", \"type\":\"link\", \"value\":\"linkIn\"} ], \"key\":\"3512657856\", \"loc\":\"90 -90\"},\r\n{\"name\":\"bowtie_index\", \"text\":\"Bowtie index\", \"category\":\"Tool\", \"size2\":\"125 55\", \"description\":\"Bowtie is an ultrafast, memory-efficient short read aligner.\", \"figure\":\"Rectangle\", \"fill\":\"#3498db\", \"strokeWidth\":2, \"inservices\":[ {\"name\":\"i1\", \"type\":\"fasta\", \"value\":\"bowtie_index_path\", \"description\":\"Path to an existing bowtie index (or where to save a new one)\"} ], \"outservices\":[ {\"name\":\"o1\", \"type\":\"bowtie.idx\", \"value\":\"index\", \"description\":\"Index bowtie\"} ], \"outservices2\":[ {\"name\":\"link\", \"type\":\"link\", \"value\":\"linkIn\"} ], \"key\":\"1071376695\", \"loc\":\"120 -490\"},\r\n{\"name\":\"fasta\", \"text\":\"fasta\", \"category\":\"Data\", \"figure\":\"Rectangle\", \"fill\":\"#2ecc71\", \"strokeWidth\":2, \"outservices\":[ {\"name\":\"o1\", \"type\":\"fasta\", \"value\":\"raw_fasta\"} ], \"key\":-24, \"loc\":\"-360 -60\"},\r\n{\"name\":\"gstacks\", \"text\":\"Gstacks\", \"size2\":\"125 75\", \"category\":\"Tool\", \"description\":\"gstacks build loci from the single and/or paired-end reads before calling SNPs\", \"figure\":\"Rectangle\", \"fill\":\"#3498db\", \"strokeWidth\":2, \"inservices\":[ {\"name\":\"i1\", \"type\":\"bam\", \"value\":\"bam_dir\", \"description\":\"Bam directory\"},{\"name\":\"i2\", \"type\":\"tsv\", \"value\":\"gstacks_population_tsv\", \"description\":\"bam\"} ], \"outservices\":[ {\"name\":\"o1\", \"type\":\"calls\", \"value\":\"catalog_calls\", \"description\":\"Consensus sequence for each assembled locus in the data\"},{\"name\":\"o2\", \"type\":\"fa.gz\", \"value\":\"catalog_fa\", \"description\":\"Custom file that contains genotyping data\"},{\"name\":\"o3\", \"type\":\"distribs\", \"value\":\"stats\", \"description\":\"Distributions statistics (bam stats, coverage and phasing_rates per sample)\"} ], \"outservices2\":[ {\"name\":\"link\", \"type\":\"link\", \"value\":\"linkIn\"} ], \"key\":\"4743664825\", \"loc\":\"630 -410\"},\r\n{\"name\":\"samtools_stats\", \"text\":\"Samtools stats\", \"size2\":\"150 55\", \"category\":\"Tool\", \"description\":\"The program collects statistics from BAM files.\", \"figure\":\"Rectangle\", \"fill\":\"#3498db\", \"strokeWidth\":2, \"inservices\":[ {\"name\":\"i1\", \"type\":\"bam\", \"value\":\"bam\", \"description\":\"\"} ], \"outservices\":[ {\"name\":\"o1\", \"type\":\"txt\", \"value\":\"stats\", \"description\":\"Stats\"} ], \"outservices2\":[ {\"name\":\"link\", \"type\":\"link\", \"value\":\"linkIn\"} ], \"key\":\"6104171944\", \"loc\":\"780 -110\"},\r\n{\"name\":\"populations\", \"text\":\"Populations\", \"size2\":\"125 55\", \"category\":\"Tool\", \"description\":\"The populations program will analyze a population of individual samples computing a number of population genetics statistics as well as exporting a variety of standard output formats.\", \"figure\":\"Rectangle\", \"fill\":\"#3498db\", \"strokeWidth\":2, \"inservices\":[ {\"name\":\"i1\", \"type\":\"gstacks_dir\", \"value\":\"gstacks_dir\", \"description\":\"Gstacks directory\"} ], \"outservices\":[ {\"name\":\"o1\", \"type\":\"vcf\", \"value\":\"vcf\", \"description\":\"SNP vcf file\"} ], \"outservices2\":[ {\"name\":\"link\", \"type\":\"link\", \"value\":\"linkIn\"} ], \"key\":\"5643261734\", \"loc\":\"820 -450\"},\r\n{\"name\":\"multiqc\", \"text\":\"Multiqc\", \"size2\":\"125 55\", \"category\":\"Repport\", \"description\":\"Multiqc\", \"figure\":\"Rectangle\", \"fill\":\"#e67e22\", \"strokeWidth\":2, \"inservices\":[ {\"name\":\"i1\", \"type\":\"*\", \"value\":\"data\", \"description\":\"\"} ], \"outservices\":[ {\"name\":\"o1\", \"type\":\"html\", \"value\":\"rapport\", \"description\":\"Rapport\"} ], \"key\":\"1576652512\", \"loc\":\"960 -330\"}\r\n ],\r\n  \"linkDataArray\": [ \r\n{\"from\":2, \"to\":\"8963860899\", \"fromPort\":\"start\", \"toPort\":\"stepIn\", \"points\":[-315.6045834779739,-700.2,-305.6045834779739,-700.2,-305.6045834779739,-700.2,-305.6045834779739,-687.8895486413588,-247.23857625084602,-687.8895486413588,-237.23857625084602,-687.8895486413588]},\r\n{\"from\":\"8963860899\", \"to\":\"89638608992\", \"fromPort\":\"stepOut\", \"toPort\":\"stepIn\", \"points\":[-103.76142374915398,-687.8895486413588,-93.76142374915398,-687.8895486413588,-93.76142374915398,-687.8895486413588,-93.76142374915398,-687.8895486413588,-77.23857625084604,-687.8895486413588,-67.23857625084604,-687.8895486413588]},\r\n{\"from\":\"89638608992\", \"to\":\"89638608993\", \"fromPort\":\"stepOut\", \"toPort\":\"stepIn\", \"points\":[66.23857625084602,-687.8895486413588,76.23857625084602,-687.8895486413588,76.23857625084602,-687.8895486413588,76.23857625084602,-687.8895486413588,92.76142374915396,-687.8895486413588,102.76142374915396,-687.8895486413588]},\r\n{\"from\":\"89638608993\", \"to\":\"89638608994\", \"fromPort\":\"stepOut\", \"toPort\":\"stepIn\", \"points\":[236.23857625084602,-687.8895486413588,246.23857625084602,-687.8895486413588,246.23857625084602,-687.8895486413588,246.23857625084602,-687.8895486413588,262.76142374915395,-687.8895486413588,272.76142374915395,-687.8895486413588]},\r\n{\"from\":\"89638608994\", \"to\":\"89638608995\", \"fromPort\":\"stepOut\", \"toPort\":\"stepIn\", \"points\":[406.23857625084605,-687.8895486413588,416.23857625084605,-687.8895486413588,416.23857625084605,-687.8895486413588,416.23857625084605,-687.8895486413588,432.76142374915395,-687.8895486413588,442.76142374915395,-687.8895486413588]},\r\n{\"from\":\"89638608995\", \"to\":\"89638608996\", \"fromPort\":\"stepOut\", \"toPort\":\"stepIn\", \"points\":[576.238576250846,-687.8895486413588,586.238576250846,-687.8895486413588,586.238576250846,-687.8895486413588,586.238576250846,-687.8895486413588,602.761423749154,-687.8895486413588,612.761423749154,-687.8895486413588]},\r\n{\"from\":\"89638608996\", \"to\":1, \"fromPort\":\"stepOut\", \"toPort\":\"end\", \"points\":[746.238576250846,-687.8895486413588,756.238576250846,-687.8895486413588,756.238576250846,-687.8895486413588,756.238576250846,-690.2,770.604583477974,-690.2,780.604583477974,-690.2]},\r\n{\"from\":\"8963860899\", \"to\":\"5109882360\", \"fromPort\":\"linkOut\", \"toPort\":\"linkIn\", \"points\":[-169.5,-656.7614237491539,-169.5,-646.7614237491539,-169.5,-619.07842013559,-209.75,-619.07842013559,-209.75,-591.395416522026,-209.75,-581.395416522026]},\r\n{\"from\":\"8963860899\", \"to\":\"3287649084\", \"fromPort\":\"linkOut\", \"toPort\":\"linkIn\", \"points\":[-169.5,-656.7614237491539,-169.5,-646.7614237491539,-169.5,-644,-141.08333349227905,-644,-141.08333349227905,-461.39541652202604,-141.08333349227905,-451.39541652202604]},\r\n{\"from\":\"8963860899\", \"to\":\"4171582656\", \"fromPort\":\"linkOut\", \"toPort\":\"linkIn\", \"points\":[-169.5,-656.7614237491539,-169.5,-646.7614237491539,-169.5,-644,-140,-644,-140,-508,-228,-508,-228,-372,-161.08333349227905,-372,-161.08333349227905,-126.39541652202607,-161.08333349227905,-116.39541652202607]},\r\n{\"from\":-3, \"to\":\"3287649084\", \"fromPort\":\"raw_reads\", \"toPort\":\"read\", \"points\":[-301.94583320617676,-438.7,-291.94583320617676,-438.7,-259.2354166507721,-438.7,-259.2354166507721,-412.8045834779739,-226.52500009536743,-412.8045834779739,-216.52500009536743,-412.8045834779739]},\r\n{\"from\":-3, \"to\":\"4171582656\", \"fromPort\":\"raw_reads\", \"toPort\":\"read\", \"points\":[-301.94583320617676,-438.7,-291.94583320617676,-438.7,-269.2354166507721,-438.7,-269.2354166507721,-69.59541652202607,-246.52500009536743,-69.59541652202607,-236.52500009536743,-69.59541652202607]},\r\n{\"from\":-11, \"to\":\"4171582656\", \"fromPort\":\"raw_reads\", \"toPort\":\"read2\", \"points\":[-301.94583320617676,-148.7,-291.94583320617676,-148.7,-269.2354166507721,-148.7,-269.2354166507721,-46.013750433921814,-246.52500009536743,-46.013750433921814,-236.52500009536743,-46.013750433921814]},\r\n{\"from\":\"89638608992\", \"to\":\"51098823602\", \"fromPort\":\"linkOut\", \"toPort\":\"linkIn\", \"points\":[0.49999999999998934,-656.7614237491539,0.49999999999998934,-646.7614237491539,0.49999999999998934,-629.07842013559,20.250000000000004,-629.07842013559,20.250000000000004,-611.395416522026,20.250000000000004,-601.395416522026]},\r\n{\"from\":\"89638608992\", \"to\":\"8362313675\", \"fromPort\":\"linkOut\", \"toPort\":\"linkIn\", \"points\":[0.49999999999998934,-656.7614237491539,0.49999999999998934,-646.7614237491539,0.49999999999998934,-644,-52,-644,-52,-524,38.91666650772095,-524,38.91666650772095,-391.39541652202604,38.91666650772095,-381.39541652202604]},\r\n{\"from\":\"89638608992\", \"to\":\"5298176794\", \"fromPort\":\"linkOut\", \"toPort\":\"linkIn\", \"points\":[0.49999999999998934,-656.7614237491539,0.49999999999998934,-646.7614237491539,0.49999999999998934,-644,204,-644,204,-284,48.91666650772095,-284,48.91666650772095,-251.39541652202607,48.91666650772095,-241.39541652202607]},\r\n{\"from\":-4, \"to\":\"8362313675\", \"fromPort\":\"raw_tsv\", \"toPort\":\"process_radtags_barcode_file\", \"points\":[-301.94583320617676,-308.7,-291.94583320617676,-308.7,-181.7354166507721,-308.7,-181.7354166507721,-323.01375043392176,-71.52500009536743,-323.01375043392176,-61.52500009536743,-323.01375043392176]},\r\n{\"from\":-4, \"to\":\"5298176794\", \"fromPort\":\"raw_tsv\", \"toPort\":\"process_radtags_barcode_file\", \"points\":[-301.94583320617676,-308.7,-291.94583320617676,-308.7,-176.7354166507721,-308.7,-176.7354166507721,-171.22291738986968,-61.52500009536743,-171.22291738986968,-51.52500009536743,-171.22291738986968]},\r\n{\"from\":-3, \"to\":\"8362313675\", \"fromPort\":\"raw_reads\", \"toPort\":\"read\", \"points\":[-301.94583320617676,-438.7,-291.94583320617676,-438.7,-291.94583320617676,-438.7,-291.94583320617676,-346.595416522026,-71.52500009536743,-346.595416522026,-61.52500009536743,-346.595416522026]},\r\n{\"from\":-3, \"to\":\"5298176794\", \"fromPort\":\"raw_reads\", \"toPort\":\"read\", \"points\":[-301.94583320617676,-438.7,-291.94583320617676,-438.7,-291.94583320617676,-438.7,-291.94583320617676,-218.3862495660782,-61.52500009536743,-218.3862495660782,-51.52500009536743,-218.3862495660782]},\r\n{\"from\":-11, \"to\":\"5298176794\", \"fromPort\":\"raw_reads\", \"toPort\":\"read2\", \"points\":[-301.94583320617676,-148.7,-291.94583320617676,-148.7,-176.7354166507721,-148.7,-176.7354166507721,-194.80458347797395,-61.52500009536743,-194.80458347797395,-51.52500009536743,-194.80458347797395]},\r\n{\"from\":\"89638608993\", \"to\":\"2251958270\", \"fromPort\":\"linkOut\", \"toPort\":\"linkIn\", \"points\":[170.5,-656.7614237491539,170.5,-646.7614237491539,170.5,-594.07842013559,328.91666650772095,-594.07842013559,328.91666650772095,-541.395416522026,328.91666650772095,-531.395416522026]},\r\n{\"from\":\"89638608993\", \"to\":\"1367440637\", \"fromPort\":\"linkOut\", \"toPort\":\"linkIn\", \"points\":[170.5,-656.7614237491539,170.5,-646.7614237491539,170.5,-644,204,-644,204,-436,338.91666650772095,-436,338.91666650772095,-421.39541652202604,338.91666650772095,-411.39541652202604]},\r\n{\"from\":\"89638608993\", \"to\":\"0321291075\", \"fromPort\":\"linkOut\", \"toPort\":\"linkIn\", \"points\":[170.5,-656.7614237491539,170.5,-646.7614237491539,170.5,-644,204,-644,204,-316,328.91666650772095,-316,328.91666650772095,-221.39541652202604,328.91666650772095,-211.39541652202604]},\r\n{\"from\":\"89638608993\", \"to\":\"6474870642\", \"fromPort\":\"linkOut\", \"toPort\":\"linkIn\", \"points\":[170.5,-656.7614237491539,170.5,-646.7614237491539,170.5,-644,204,-644,204,-116,328.91666650772095,-116,328.91666650772095,-91.39541652202607,328.91666650772095,-81.39541652202607]},\r\n{\"from\":\"1071376695\", \"to\":\"2251958270\", \"fromPort\":\"index\", \"toPort\":\"index\", \"points\":[196.52500009536743,-482.8045834779739,206.52500009536743,-482.8045834779739,225,-482.8045834779739,225,-473.01375043392176,243.47499990463257,-473.01375043392176,253.47499990463257,-473.01375043392176]},\r\n{\"from\":\"1071376695\", \"to\":\"1367440637\", \"fromPort\":\"index\", \"toPort\":\"index\", \"points\":[196.52500009536743,-482.8045834779739,206.52500009536743,-482.8045834779739,230,-482.8045834779739,230,-341.2229173898697,253.47499990463257,-341.2229173898697,263.47499990463257,-341.2229173898697]},\r\n{\"from\":-24, \"to\":\"3512657856\", \"fromPort\":\"raw_fasta\", \"toPort\":\"bwa_index_path\", \"points\":[-301.94583320617676,-58.7,-291.94583320617676,-58.7,-291.94583320617676,-58.7,-291.94583320617676,-132,-76,-132,-76,-82.80458347797395,3.4749999046325684,-82.80458347797395,13.474999904632568,-82.80458347797395]},\r\n{\"from\":-24, \"to\":\"1071376695\", \"fromPort\":\"raw_fasta\", \"toPort\":\"bowtie_index_path\", \"points\":[-301.94583320617676,-58.7,-291.94583320617676,-58.7,-291.94583320617676,-58.7,-291.94583320617676,-482.8045834779739,33.47499990463257,-482.8045834779739,43.47499990463257,-482.8045834779739]},\r\n{\"from\":\"3512657856\", \"to\":\"6474870642\", \"fromPort\":\"index\", \"toPort\":\"index\", \"points\":[166.52500009536743,-82.80458347797395,176.52500009536743,-82.80458347797395,210,-82.80458347797395,210,-11.222917389869703,243.47499990463257,-11.222917389869703,253.47499990463257,-11.222917389869703]},\r\n{\"from\":\"3512657856\", \"to\":\"0321291075\", \"fromPort\":\"index\", \"toPort\":\"index\", \"points\":[166.52500009536743,-82.80458347797395,176.52500009536743,-82.80458347797395,210,-82.80458347797395,210,-153.01375043392179,243.47499990463257,-153.01375043392179,253.47499990463257,-153.01375043392179]},\r\n{\"from\":-3, \"to\":\"2251958270\", \"fromPort\":\"raw_reads\", \"toPort\":\"read\", \"points\":[-301.94583320617676,-438.7,-291.94583320617676,-438.7,-291.94583320617676,-438.7,-291.94583320617676,-468,-52,-468,-52,-444,204,-444,204,-496.595416522026,243.47499990463257,-496.595416522026,253.47499990463257,-496.595416522026]},\r\n{\"from\":-3, \"to\":\"1367440637\", \"fromPort\":\"raw_reads\", \"toPort\":\"read\", \"points\":[-301.94583320617676,-438.7,-291.94583320617676,-438.7,-291.94583320617676,-438.7,-291.94583320617676,-388.38624956607816,253.47499990463257,-388.38624956607816,263.47499990463257,-388.38624956607816]},\r\n{\"from\":-11, \"to\":\"1367440637\", \"fromPort\":\"raw_reads\", \"toPort\":\"read2\", \"points\":[-301.94583320617676,-148.7,-291.94583320617676,-148.7,-291.94583320617676,-148.7,-291.94583320617676,-252,148,-252,148,-364.8045834779739,253.47499990463257,-364.8045834779739,263.47499990463257,-364.8045834779739]},\r\n{\"from\":-3, \"to\":\"0321291075\", \"fromPort\":\"raw_reads\", \"toPort\":\"read\", \"points\":[-301.94583320617676,-438.7,-291.94583320617676,-438.7,-291.94583320617676,-438.7,-291.94583320617676,-284,164,-284,164,-176.59541652202603,243.47499990463257,-176.59541652202603,253.47499990463257,-176.59541652202603]},\r\n{\"from\":-3, \"to\":\"6474870642\", \"fromPort\":\"raw_reads\", \"toPort\":\"read\", \"points\":[-301.94583320617676,-438.7,-291.94583320617676,-438.7,-291.94583320617676,-438.7,-291.94583320617676,-284,180,-284,180,-58.386249566078206,243.47499990463257,-58.386249566078206,253.47499990463257,-58.386249566078206]},\r\n{\"from\":-11, \"to\":\"6474870642\", \"fromPort\":\"raw_reads\", \"toPort\":\"read2\", \"points\":[-301.94583320617676,-148.7,-291.94583320617676,-148.7,-24.235416650772095,-148.7,-24.235416650772095,-34.80458347797395,243.47499990463257,-34.80458347797395,253.47499990463257,-34.80458347797395]},\r\n{\"from\":\"89638608994\", \"to\":\"6104171944\", \"fromPort\":\"linkOut\", \"toPort\":\"linkIn\", \"points\":[340.5,-656.7614237491539,340.5,-646.7614237491539,340.5,-644,716,-644,716,-404,778.916666507721,-404,778.916666507721,-151.39541652202604,778.916666507721,-141.39541652202604]},\r\n{\"from\":\"2251958270\", \"to\":\"6104171944\", \"fromPort\":\"bam\", \"toPort\":\"bam\", \"points\":[406.52500009536743,-484.8045834779739,416.52500009536743,-484.8045834779739,420,-484.8045834779739,420,-484.8045834779739,428,-484.8045834779739,428,-102.80458347797392,680.9749999046326,-102.80458347797392,690.9749999046326,-102.80458347797392]},\r\n{\"from\":\"1367440637\", \"to\":\"6104171944\", \"fromPort\":\"bam\", \"toPort\":\"bam\", \"points\":[416.52500009536743,-364.8045834779739,426.52500009536743,-364.8045834779739,428,-364.8045834779739,428,-102.80458347797392,680.9749999046326,-102.80458347797392,690.9749999046326,-102.80458347797392]},\r\n{\"from\":\"0321291075\", \"to\":\"6104171944\", \"fromPort\":\"bam\", \"toPort\":\"bam\", \"points\":[406.52500009536743,-164.8045834779739,416.52500009536743,-164.8045834779739,548.75,-164.8045834779739,548.75,-102.80458347797392,680.9749999046326,-102.80458347797392,690.9749999046326,-102.80458347797392]},\r\n{\"from\":\"6474870642\", \"to\":\"6104171944\", \"fromPort\":\"bam\", \"toPort\":\"bam\", \"points\":[406.52500009536743,-34.80458347797395,416.52500009536743,-34.80458347797395,548.75,-34.80458347797395,548.75,-102.80458347797392,680.9749999046326,-102.80458347797392,690.9749999046326,-102.80458347797392]},\r\n{\"from\":\"89638608995\", \"to\":\"4743664825\", \"fromPort\":\"linkOut\", \"toPort\":\"linkIn\", \"points\":[510.5,-656.7614237491539,510.5,-646.7614237491539,510.5,-554.07842013559,628.916666507721,-554.07842013559,628.916666507721,-461.39541652202604,628.916666507721,-451.39541652202604]},\r\n{\"from\":-4, \"to\":\"4743664825\", \"fromPort\":\"raw_tsv\", \"toPort\":\"gstacks_population_tsv\", \"points\":[-301.94583320617676,-308.7,-291.94583320617676,-308.7,-291.94583320617676,-308.7,-291.94583320617676,-284,428,-284,428,-393.01375043392176,543.4749999046326,-393.01375043392176,553.4749999046326,-393.01375043392176]},\r\n{\"from\":\"2251958270\", \"to\":\"4743664825\", \"fromPort\":\"bam\", \"toPort\":\"bam_dir\", \"points\":[406.52500009536743,-484.8045834779739,416.52500009536743,-484.8045834779739,480,-484.8045834779739,480,-416.595416522026,543.4749999046326,-416.595416522026,553.4749999046326,-416.595416522026]},\r\n{\"from\":\"1367440637\", \"to\":\"4743664825\", \"fromPort\":\"bam\", \"toPort\":\"bam_dir\", \"points\":[416.52500009536743,-364.8045834779739,426.52500009536743,-364.8045834779739,485,-364.8045834779739,485,-416.595416522026,543.4749999046326,-416.595416522026,553.4749999046326,-416.595416522026]},\r\n{\"from\":\"0321291075\", \"to\":\"4743664825\", \"fromPort\":\"bam\", \"toPort\":\"bam_dir\", \"points\":[406.52500009536743,-164.8045834779739,416.52500009536743,-164.8045834779739,480,-164.8045834779739,480,-416.595416522026,543.4749999046326,-416.595416522026,553.4749999046326,-416.595416522026]},\r\n{\"from\":\"6474870642\", \"to\":\"4743664825\", \"fromPort\":\"bam\", \"toPort\":\"bam_dir\", \"points\":[406.52500009536743,-34.80458347797395,416.52500009536743,-34.80458347797395,480,-34.80458347797395,480,-416.595416522026,543.4749999046326,-416.595416522026,553.4749999046326,-416.595416522026]},\r\n{\"from\":\"4743664825\", \"to\":\"5643261734\", \"fromPort\":\"catalog_fa\", \"toPort\":\"gstacks_dir\", \"points\":[706.5250000953674,-404.8045834779739,716.5250000953674,-404.8045834779739,725,-404.8045834779739,725,-442.8045834779739,733.4749999046326,-442.8045834779739,743.4749999046326,-442.8045834779739]},\r\n{\"from\":\"89638608996\", \"to\":\"5643261734\", \"fromPort\":\"linkOut\", \"toPort\":\"linkIn\", \"points\":[680.5,-656.7614237491539,680.5,-646.7614237491539,680.5,-569.07842013559,818.916666507721,-569.07842013559,818.916666507721,-491.39541652202604,818.916666507721,-481.39541652202604]},\r\n{\"from\":\"5643261734\", \"to\":\"1576652512\", \"fromPort\":\"vcf\", \"toPort\":\"data\", \"points\":[896.5250000953674,-442.8045834779739,906.5250000953674,-442.8045834779739,906.5250000953674,-387.0522917389869,873.4749999046326,-387.0522917389869,873.4749999046326,-328.7,883.4749999046326,-328.7]},\r\n{\"from\":\"6104171944\", \"to\":\"1576652512\", \"fromPort\":\"stats\", \"toPort\":\"data\", \"points\":[869.0250000953674,-102.80458347797392,879.0250000953674,-102.80458347797392,879.0250000953674,-222.94770826101302,873.4749999046326,-222.94770826101302,873.4749999046326,-328.7,883.4749999046326,-328.7]}\r\n ]}','{\nname: \"RADseq_ref\",\ndocker_name: radseqref,\ndescription: \"RADseq analysis of data with reference genome\",\nversion: \"0.0.1\",\nauthor: \"MBB\",\nsteps: [\n    { title: \"Quality check\", name: \"quality check\", tools: [\"null\", \"fastqc\"], default: \"null\" },\n    { title: \"Demultiplexing\", name: \"demultiplexing\", tools: [\"null\", \"process_radtags\"], default: \"null\" },\n    { title: \"Mapping\", name: \"mapping\", tools: [\"bowtie\", \"bwa_mem\"], default: \"bowtie\" },\n    { title: \"Mapping check\", name: \"mapping check\", tools: [\"samtools_stats\"], default: \"samtools_stats\" },\n    { title: \"Gstacks\", name: \"gstacks\", tools: [\"gstacks\"], default: \"gstacks\" },\n    { title: \"Populations\", name: \"populations\", tools: [\"populations\"], default: \"populations\" },\n],\noptions: [\n{\nname: \"results_dir\",\ntype: \"output_dir\",\nvalue: \"/Results\",\nlabel: \"Results directory: \",\nvolumes:  [Results: \"/Results\"]\n},\n{\nname: \"sample_dir\",\ntype: \"input_dir\",\nvalue: \"/Data\",\nlabel: \"Data directory: \",\nvolumes:  [Data: \"/Data\", Results: \"/Results\"]\n},\n],\nsteps_in: [\n{ step_name:\"quality check\", tool_name: \"fastqc\", rule_name: \"fastqc_SE\", step_null: true,\n    params: [\n        { input_name: read, origin_command: reads, origin_name: raw_reads},\n    ]\n},\n{ step_name:\"quality check\", tool_name: \"fastqc\", rule_name: \"fastqc_PE\", step_null: true,\n    params: [\n        { input_name: read, origin_command: reads, origin_name: raw_reads},\n        { input_name: read2, origin_command: reads, origin_name: raw_reads},\n    ]\n},\n{ step_name:\"demultiplexing\", tool_name: \"process_radtags\", rule_name: \"process_radtags_SE\", step_null: true,\n    params: [\n        { input_name: read, origin_command: reads, origin_name: raw_reads},\n        { input_name: process_radtags_barcode_file, origin_command: tsv, origin_name: raw_tsv},\n    ]\n},\n{ step_name:\"demultiplexing\", tool_name: \"process_radtags\", rule_name: \"process_radtags_PE\", step_null: true,\n    params: [\n        { input_name: read, origin_command: reads, origin_name: raw_reads},\n        { input_name: read2, origin_command: reads, origin_name: raw_reads},\n        { input_name: process_radtags_barcode_file, origin_command: tsv, origin_name: raw_tsv},\n    ]\n},\n{ step_name:\"mapping\", tool_name: \"bowtie\", rule_name: \"bowtie_SE\", step_null: false,\n    params: [\n        { input_name: read, origin_command: reads, origin_name: raw_reads},\n        { input_name: index, origin_command: bowtie_index, origin_name: index},\n    ]\n},\n{ step_name:\"mapping\", tool_name: \"bowtie\", rule_name: \"bowtie_PE\", step_null: false,\n    params: [\n        { input_name: read, origin_command: reads, origin_name: raw_reads},\n        { input_name: read2, origin_command: reads, origin_name: raw_reads},\n        { input_name: index, origin_command: bowtie_index, origin_name: index},\n    ]\n},\n{ step_name:\"mapping\", tool_name: \"bwa_mem\", rule_name: \"bwa_mem_SE\", step_null: false,\n    params: [\n        { input_name: read, origin_command: reads, origin_name: raw_reads},\n        { input_name: index, origin_command: bwa_index, origin_name: index},\n    ]\n},\n{ step_name:\"mapping\", tool_name: \"bwa_mem\", rule_name: \"bwa_mem_PE\", step_null: false,\n    params: [\n        { input_name: read, origin_command: reads, origin_name: raw_reads},\n        { input_name: read2, origin_command: reads, origin_name: raw_reads},\n        { input_name: index, origin_command: bwa_index, origin_name: index},\n    ]\n},\n{ step_name:\"mapping check\", tool_name: \"samtools_stats\", rule_name: \"samtools_stats\", step_null: false,\n    params: [\n        { input_name: bam, origin_command: bowtie_SE, origin_name: bam},\n    ]\n},\n{ step_name:\"gstacks\", tool_name: \"gstacks\", rule_name: \"gstacks\", step_null: false,\n    params: [\n        { input_name: bam_dir, origin_command: bowtie_SE, origin_name: bam},\n        { input_name: gstacks_population_tsv, origin_command: tsv, origin_name: raw_tsv},\n    ]\n},\n{ step_name:\"populations\", tool_name: \"populations\", rule_name: \"populations\", step_null: false,\n    params: [\n        { input_name: gstacks_dir, origin_command: gstacks, origin_name: catalog_fa},\n    ]\n},\n],\nparams_equals: [\n\n]\n}\n','https://gitlab.mbb.univ-montp2.fr/khalid/radseqref');
/*!40000 ALTER TABLE `Workflow` ENABLE KEYS */;
UNLOCK TABLES;

--
-- Table structure for table `WorkflowLabel`
--

DROP TABLE IF EXISTS `WorkflowLabel`;
/*!40101 SET @saved_cs_client     = @@character_set_client */;
/*!40101 SET character_set_client = utf8 */;
CREATE TABLE `WorkflowLabel` (
  `ID` int(11) NOT NULL AUTO_INCREMENT,
  `workflowId` int(11) NOT NULL,
  `labelId` int(11) NOT NULL,
  PRIMARY KEY (`ID`)
) ENGINE=InnoDB AUTO_INCREMENT=7 DEFAULT CHARSET=latin1;
/*!40101 SET character_set_client = @saved_cs_client */;

--
-- Dumping data for table `WorkflowLabel`
--

LOCK TABLES `WorkflowLabel` WRITE;
/*!40000 ALTER TABLE `WorkflowLabel` DISABLE KEYS */;
INSERT INTO `WorkflowLabel` VALUES (1,1,1),(2,1,4),(3,2,1),(4,2,4),(5,3,1),(6,3,4);
/*!40000 ALTER TABLE `WorkflowLabel` ENABLE KEYS */;
UNLOCK TABLES;
/*!40103 SET TIME_ZONE=@OLD_TIME_ZONE */;

/*!40101 SET SQL_MODE=@OLD_SQL_MODE */;
/*!40014 SET FOREIGN_KEY_CHECKS=@OLD_FOREIGN_KEY_CHECKS */;
/*!40014 SET UNIQUE_CHECKS=@OLD_UNIQUE_CHECKS */;
/*!40101 SET CHARACTER_SET_CLIENT=@OLD_CHARACTER_SET_CLIENT */;
/*!40101 SET CHARACTER_SET_RESULTS=@OLD_CHARACTER_SET_RESULTS */;
/*!40101 SET COLLATION_CONNECTION=@OLD_COLLATION_CONNECTION */;
/*!40111 SET SQL_NOTES=@OLD_SQL_NOTES */;

-- Dump completed on 2020-02-24 12:01:53
